CODE,SPECIES,LATITUDE,LONGITUDE,Ac1,,Ac23,,Ac5,,Ac8,,Ac9,,Ac13,,Ac14,,Ac19,,Ac20,,Ac32,,Ac36,,Ac4,,Ac28,,Ac31,,Ac43,,Ac45,,Ac47,,Ac49,,12S
A765,Acanthodactylus aureus ,15.183333,-16.916667,259,275,119,122,183,186,201,201,205,205,146,146,218,224,226,229,180,189,256,262,137,140,245,254,138,138,-9,-9,109,109,160,163,187,193,195,207,TACCATTCTATCCGCCAGAGAATTACTAGTGAAAAACTTGAAACTCAAAGGACTTGGCGGTGTCCCACTTCGACCTAGAGGAGCCTGTCCTATAATCGATACTCCCCGTTCAACCCAACCTCAACTTGCATATTCAGCCTATATACCGCCGTCGACAGTCTACCCCATGAGGGTTTAATAGTAGACATAACAGTTTCACCACTAACACGTCAGGTCAAGGTGTAGCAAATGCTGAGGAAAGCGATTGGCTACATTTTTTTAATAAAAATAAACGAAATGCAACATGAAATCATGCACGAAGGTGAATTTAGCAGTAAGATAAACAAGAGTGCTTATCTTAAATTCGCTCTGGGACGCGCACA
5171,Acanthodactylus aureus ,20.719032,-16.619542,255,255,125,128,177,177,216,222,205,208,146,152,224,227,211,235,-9,-9,241,256,125,137,242,254,138,146,321,321,109,109,148,157,196,199,204,204,TACCATTCTATCCGCCAGAGAATTACTAGTGAAAAACTTGAAACTCAAAGGACTTGGCGGTGTCCCACTTCGACCTAGAGGAGCCTGTCCTATAATCGATACTCCCCGTTCAACCCAACCTCAACTTGCATATTCAGCCTATATACCGCCGTCGACAGTCTACCCCATGAGGGTTTAATAGTAGACATAACAGTTTCACCACTAACACGTCAGGTCAAGGTGTAGCAAATGCTGAGGAAAGCGATTGGCTACATTTTTTTAATAAAAATAAACGAAATGCAACATGAAATCATGCACGAAGGTGAATTTAGCAGTAAGATAAACAAGAGTGCTTATCTTAAATTCGCTCTGGGACGCGCACA
5172,Acanthodactylus aureus ,20.719032,-16.619542,255,255,122,128,174,183,201,219,208,226,152,152,224,227,208,235,180,183,232,265,137,137,245,248,138,142,321,324,112,115,154,163,226,226,204,213,TACTATTCTATCCGCCAGAGAATTACTAGTGAAAAACTTGAAACTCAAAGGACTTGGCGGTGTCCCACTTCGACCTAGAGGAGCCTGTCCTATAATCGATACTCCCCGTTCAACCCAACCTCAACTTGCATATTCAGCCTATATACCGCCGTCGACAGTCTACCCCATGAGGGTTTAATAGTAGACATAACAGTTTCACCACTAACACGTCAGGTCAAGGTGTAGCAAATGCTGAGGAAAGTGATTGGCTACATTTTTTTAATAAAAATAAACGAAATGCAACATGAAATCATGCACGAAGGTGAATTTAGCAGTAAGATAAACAAGAGTGCTTATCTTAAATTCGCTCTGGGACGCGCACA
5173,Acanthodactylus aureus ,20.725133,-16.629102,255,255,122,125,174,177,210,219,208,208,143,152,227,227,241,241,153,153,259,259,137,140,248,251,138,150,321,333,109,112,163,172,202,202,204,216,TACCATTCTATCCGCCAGAGAATTACTAGTGAAAAACTTGAAACTCAAAGGACTTGGCGGTGTCCCACTTCGACCTAGAGGAGCCTGTCCTATAATCGATACTCCCCGTTCAACCCAACCTCAACTTGCATATTCAGCCTATATACCGCCGTCGACAGTCTACCCCATGAGGGTTTAATAGTAGACATAACAGTTTCACCACTAACACGTCAGGTCAAGGTGTAGCAAATGCTGAGGAAAGCGATTGGCTACATTTTTTTAATAAAAATAAACGAAATGCAACATGAAATCATGCACGAAGGTGAATTTAGCAGTAAGATAAACAAGAGTGCTTATCTTAAATTCGCTCTGGGACGCGCACA
5176,Acanthodactylus aureus ,20.762062,-16.618393,251,251,122,122,174,183,207,219,199,211,152,155,224,224,235,235,159,183,259,259,134,137,251,254,146,150,321,324,109,112,154,160,196,226,192,195,TACCATTCTATCCGCCAGAGAATTACTAGTGAAAAACTTGAAACTCAAAGGACTTGGCGGTGTCCCACTTCGACCTAGAGGAGCCTGTCCTATAATCGATACTCCCCGTTCAACCCAACCTCAACTTGCATATTCAGCCTATATACCGCCGTCGACAGTCTACCCCATGAGGGTTTAATAGTAGACATAACAGTTTCACCACTAACACGTCAGGTCAAGGTGTAGCAAATGCTGAGGAAAGCGATTGGCTACATTTTTTTAATAAAAATAAACGAAATGCAACATGAAATCATGCACGAAGGTGAATTTAGCAGTAAGATAAACAAGAGTGCTTATCTTAAATTCGCTCTGGGACGCGCACA
6443,Acanthodactylus aureus ,20.776400,-16.628790,251,255,122,128,177,186,219,228,211,217,149,158,227,227,217,229,-9,-9,259,262,143,143,251,251,138,142,-9,-9,121,121,160,169,196,199,213,219,TACCATTCTATCCGCCAGAGGATTACTAGTGAAAAACTTGAAACTCAAAGGACTTGGCGGTGTCCCACTTCGACCTAGAGGAGCCTGTCCTATAATCGATACTCCCCGTTCAACCCAACCTCAACTTGCATGTTCAGCCTATATACCGCCGTCGACAGTCTACCCCATGAGGGCTTAATAGTAGACATAACAGTTTTACCACTAACACGTCAGGTCAAGGTGTAGCAAATGCTGAGG-AAGCGATTGGCTACATTTTTTTAATAAAAATAAACGAAATGCAACATGAAATCATGCACGAAGGTGAATTTAGCAGTAAGATAAACAAGAGTGCTTATCTTAAATTCGCTCTGGGACGCGCACA
6435,Acanthodactylus aureus ,20.793853,-16.546282,251,259,122,122,180,189,201,207,199,214,143,146,227,233,229,229,186,186,265,268,137,143,239,245,138,146,321,339,100,121,169,172,196,226,210,213,TACCATTCTATCCGCCAGAGAATTACTAGTGAAAAACTTGAAACTCAAAGGACTTGGCGGTGTCCCACTTCGACCTAGAGGAGCCTGTCCTATAATCGATACTCCCCGTTCAACCCAACCTCAACTTGCATATTCAGCCTATATACCGCCGTCGACAGTCTACCCCATGAGGGTTTAATAGTAGACATAACAGTTTCACCACTAACACGTCAGGTCAAGGTGTAGCAAATGCTGAGGAAAGCGATTGGCTACATTTTTTTAATAAAAATAAACGAAATGCAACATGAAATCATGCACGAAGGTGAATTTAGCAGTAAGATAAACAAGAGTGCTTATCTTAAATTCGCTCTGGGACGCGCACA
A371,Acanthodactylus aureus ,20.801583,-17.053233,255,255,128,128,174,177,201,213,205,229,137,152,230,233,232,235,177,186,235,259,137,137,248,248,138,150,318,327,115,118,154,154,199,226,207,213,TACCATTCTATCCGCCAGAGAATTACTAGTGAAAAACTTGAAACTCAAAGGACTTGGCGGTGTCCCACTTCGACCTAGAGGAGCCTGTCCTATAATCGATACTCCCCGTTCAACCCAACCTCAACTTGCATATTCAGCCTATATACCGCCGTCGACAGTCTACCCCATGAGGGTTTAATAGTAGACATAACAGTTTCACCACTAACACGTCAGGTCAAGGTGTAGCAAATGCTGAGGAAAGCGATTGGCTACATTTTTTTAATAAAAATAAACGAAATGCAACATGAAATCATGCACGAAGGTGAATTTAGCAGTAAGATAAACAAGAGTGCTTATCTTAAATTCGCTCTGGGACGCGCACA
6458,Acanthodactylus aureus ,20.802300,-16.571890,255,259,116,128,177,180,207,207,202,211,149,152,227,227,217,232,180,186,247,268,122,137,251,251,138,146,330,330,115,115,148,157,196,226,195,213,TACCATTCTATCCGCCAGAGAATTACTAGTGAAAAACTTGAAACTCAAAGGACTTGGCGGTGTCCCACTTCGACCTAGAGGAGCCTGTCCTATAATCGATACTCCCCGTTCAACCCAACCTCAACTTGCATATTCAGCCTATATACCGCCGTCGACAGTCTACCCCATGAGGGTTTAATAGTAGACATAACAGTTTCACCACTAACACGTCAGGTCAAGGTGTAGCAAATGCTGAGGAAAGCGATTGGCTACATTTTTTTAATAAAAATAAACGAAATGCAACATGAAATCATGCACGAAGGTGAATTTAGCAGTAAGATAAACAAGAGTGCTTATCTTAAATTCGCTCTGGGACGCGCACA
6446,Acanthodactylus aureus ,20.811525,-16.615870,255,259,122,125,165,180,201,207,205,214,143,149,227,227,217,235,153,189,265,268,140,146,236,245,138,146,321,327,112,115,157,160,199,223,201,210,TACTATTCTATCCGCCAGAGAATTACTAGTGAAAAACTTGAAACTCAAAGGACTTGGCGGTGTCCCACTTCGACCTAGAGGAGCCTGTCCTATAATCGATACTCCCCGTTCAACCCAACCTCAACTTGCATATTCAGCCTATATACCGCCGTCGACAGTCTACCCCATGAGGGTTTAATAGTAGACATAACAGTTTCACCACTAACACGTCAGGTCAAGGTGTAGCAAATGCTGAGGAAAGTGATTGGCTACATTTTTTTAATAAAAATAAACGAAATGCAACATGAAATCATGCACGAAGGTGAATTTAGCAGTAAGATAAACAAGAGTGCTTATCTTAAATTCGCTCTGGGACGCGCACA
6448,Acanthodactylus aureus ,20.811525,-16.615870,251,255,122,128,180,186,216,222,202,211,149,155,224,230,217,229,180,183,259,259,122,140,236,260,138,138,321,330,109,112,160,169,193,220,204,204,TACTATTCTATCCGCCAGAGAATTACTAGTGAAAAACTTGAAACTCAAAGGACTTGGCGGTGTCCCACTTCGACCTAGAGGAGCCTGTCCTATAATCGATACTCCCCGTTCAACCCAACCTCAACTTGCATATTCAGCCTATATACCGCCGTCGACAGTCTACCCCATGAGGGTTTAATAGTAGACATAACAGTTTCACCACTAACACGTCAGGTCAAGGTGTAGCAAATGCTGAGGAAAGTGATTGGCTACATTTTTTTAATAAAAATAAACGAAATGCAACATGAAATCATGCACGAAGGTGAATTTAGCAGTAAGATAAACAAGAGTGCTTATCTTAAATTCGCTCTGGGACGCGCACA
6449,Acanthodactylus aureus ,20.823300,-16.588267,259,263,122,125,174,183,201,225,217,235,149,158,227,230,226,229,153,153,256,256,125,125,251,260,138,142,321,327,109,112,157,160,199,199,213,213,TACTATTCTATCCGCCAGAGAATTACTAGTGAAAAACTTGAAACTCAAAGGACTTGGCGGTGTCCCACTTCGACCTAGAGGAGCCTGTCCTATAATCGATACTCCCCGTTCAACCCAACCTCAACTTGCATATTCAGCCTATATACCGCCGTCGACAGTCTACCCCATGAGGGTTTAATAGTAGACATAACAGTTTCACCACTAACACGTCAGGTCAAGGTGTAGCAAATGCTGAGGAAAGTGATTGGCTACATTTTTTTAATAAAAATAAACGAAATGCAACATGAAATCATGCACGAAGGTGAATTTAGCAGTAAGATAAACAAGAGTGCTTATCTTAAATTCGCTCTGGGACGCGCACA
6477,Acanthodactylus aureus ,20.944458,-16.549482,255,255,122,122,174,177,201,207,202,205,146,158,230,230,220,235,180,192,259,271,125,140,263,263,138,142,324,327,115,118,157,160,196,229,213,213,TACTATTCTATCCGCCAGAGAATTACTAGTGAAAAACTTGAAACTCAAAGGACTTGGCGGTGTCCCACTTCGACCTAGAGGAGCCTGTCCTATAATCGATACTCCCCGTTCAACCCAACCTCAACTTGCATATTCAGCCTATATACCGCCGTCGACAGTCTACCCCATGAGGGTTTAATAGTAGACATAACAGTTTCACCACTAACACGTCAGGTCAAGGTGTAGCAAATGCTGAGGAAAGTGATTGGCTACATTTTTTTAATAAAAATAAACGAAATGCAACATGAAATCATGCACGAAGGTGAATTTAGCAGTAAGATAAACAAGAGTGCTTATCTTAAATTCGCTCTGGGACGCGCACA
A359,Acanthodactylus aureus ,21.097867,-16.699867,255,259,122,128,177,180,201,201,205,217,140,143,227,227,232,244,189,192,232,253,122,134,239,242,138,150,318,321,-9,-9,151,154,-9,-9,204,210,TACCATTCTATCCGCCAGAGAATTACTAGTGAAAAACTTGAAACTCAAAGGACTTGGCGGTGTCCCACTTCGACCTAGAGGAGCCTGTCCTATAATCGATACTCCCCGTTCAACCCAACCTCAACTTGCATATTCAGCCTATATACCGCCGTCGACAGTCTACCCCATGAGGGTTTAATAGTAGACATAACAGTTTCACCACTAACACGTCAGGTCAAGGTGTAGCAAATGCTGAGGAAAGCGATTGGCTACATTTTTTTAATAAAAATAAACGAAATGCAACATGAAATCATGCACGAAGGTGAATTTAGCAGTAAGATAAACAAGAGTGCTTATCTTAAATTCGCTCTGGGACGCGCACA
A363,Acanthodactylus aureus ,21.097867,-16.699867,251,259,128,128,180,180,225,225,208,208,149,158,224,227,211,232,195,201,262,268,137,140,230,245,142,146,321,324,112,115,148,157,199,205,198,213,TACCATTCTATCCGCCAGAGAATTACTAGTGAAAAACTTGAAACTCAAAGGACTTGGCGGTGTCCCACTTCGACCTAGAGGAGCCTGTCCTATAATCGATACTCCCCGTTCAACCCAACCTCAACTTGCATATTCAGCCTATATACCGCCGTCGACAGTCTACCCCATGAGGGTTTAATAGTAGACATAACAGTTTCACCACTAACACGTCAGGTCAAGGTGTAGCAAATGCTGAGGAAAGCGATTGGCTACATTTTTTTAATAAAAATAAACGAAATGCAACATGAAATCATGCACGAAGGTGAATTTAGCAGTAAGATAAACAAGAGTGCTTATCTTAAATTCGCTCTGGGACGCGCACA
A366,Acanthodactylus aureus ,21.218250,-16.843233,251,255,122,125,180,183,207,207,199,214,149,155,227,227,208,241,159,177,256,265,122,143,245,254,-9,-9,327,327,109,115,154,166,193,232,219,222,TACCATTCTATCCGCCAGAGAATTACTAGTGAAAAACTTGAAACTCAAAGGACTTGGCGGTGTCCCACTTCGACCTAGAGGAGCCTGTCCTATAATCGATACTCCCCGTTCAACCCAACCTCAACTTGCATATTCAGCCTATATACCGCCGTCGACAGTCTACCCCATGAGGGTTTAATAGTAGACATAACAGTTTCACCACTAACACGTCAGGTCAAGGTGTAGCAAATGCTGAGGAAAGCGATTGGCTACATTTTTTTAATAAAAATAAACGAAATGCAACATGAAATCATGCACGAAGGTGAATTTAGCAGTAAGATAAACAAGAGTGCTTATCTTAAATTCGCTCTGGGACGCGCACA
A367,Acanthodactylus aureus ,21.218250,-16.843233,255,255,122,122,177,195,201,225,199,244,149,152,224,227,229,232,153,159,259,262,128,137,245,254,142,142,318,339,112,118,157,166,196,196,192,192,TACTATTCTATCCGCCAGAGAATTACTAGTGAAAAACTTGAAACTCAAAGGACTTGGCGGTGTCCCACTTCGACCTAGAGGAGCCTGTCCTATAATCGATACTCCCCGTTCAACCCAACCTCAACTTGCATATTCAGCCTATATACCGCCGTCGACAGTCTACCCCATGAGGGTTTAATAGTAGACATAACAGTTTCACCACTAACACGTCAGGTCAAGGTGTAGCAAATGCTGAGGAAAGTGATTGGCTACATTTTTTTAATAAAAATAAACGAAATGCAACATGAAATCATGCACGAAGGTGAATTTAGCAGTAAGATAAACAAGAGTGCTTATCTTAAATTCGCTCTGGGACGCGCACA
A369,Acanthodactylus aureus ,21.218250,-16.843233,251,255,125,125,177,180,207,207,205,208,152,179,224,227,214,235,180,183,262,277,143,146,248,248,146,150,324,324,115,118,157,157,199,223,204,210,TACTATTCTATCCGCCAGAGAATTACTAGTGAAAAACTTGAAACTCAAAGGACTTGGCGGTGTCCCACTTCGACCTAGAGGAGCCTGTCCTATAATCGATACTCCCCGTTCAACCCAACCTCAACTTGCATATTCAGCCTATATACCGCCGTCGACAGTCTACCCCATGAGGGTTTAATAGTAGACATAACAGTTTCACCACTAACACGTCAGGTCAAGGTGTAGCAAATGCTGAGGAAAGTGATTGGCTACATTTTTTTAATAAAAATAAACGAAATGCAACATGAAATCATGCACGAAGGTGAATTTAGCAGTAAGATAAACAAGAGTGCTTATCTTAAATTCGCTCTGGGACGCGCACA
9198,Acanthodactylus aureus ,21.666903,-16.452470,251,255,122,122,177,186,216,234,205,232,152,155,224,227,217,229,159,180,265,268,137,143,251,254,142,142,321,327,118,118,157,169,199,199,207,216,TACTATTCTATCCGCCAGAGAATTACTAGTGAAAAACTTGAAACTCAAAGGACTTGGCGGTGTCCCACTTCGACCTAGAGGAGCCTGTCCTATAATCGATACTCCCCGTTCAACCCAACCTCAACTTGCATATTCAGCCTATATACCGCCGTCGACAGTCTACCCCATGAGGGTTTAATAGTAGACATAACAGTTTCACCACTAACACGTCAGGTCAAGGTGTAGCAAATGCTGAGGAAAGTGATTGGCTACATTTTTTTAATAAAAATAAACGAAATGCAACATGAAATCATGCACGAAGGTGAATTTAGCAGTAAGATAAACAAGAGTGCTTATCTTAAATTCGCTCTGGGACGCGCACA
9205,Acanthodactylus aureus ,21.721000,-16.637677,255,255,125,128,174,177,207,207,202,208,155,155,224,230,223,226,177,186,262,262,143,155,251,251,138,142,321,327,115,115,151,160,193,229,198,207,TACTATTCTATCCGCCAGAGAATTACTAGTGAAAAACTTGAAACTCAAAGGACTTGGCGGTGTCCCACTTCGACCTAGAGGAGCCTGTCCTATAATCGATACTCCCCGTTCAACCCAACCTCAACTTGCATATTCAGCCTATATACCGCCGTCGACAGTCTACCCCATGAGGGTTTAATAGTAGACATAACAGTTTCACCACTAACACGTCAGGTCAAGGTGTAGCAAATGCTGAGGAAAGTGATTGGCTACATTTTTTTAATAAAAATAAACGAAATGCAACATGAAATCATGCACGAAGGTGAATTTAGCAGTAAGATAAACAAGAGTGCTTATCTTAAATTCGCTCTGGGACGCGCACA
A376,Acanthodactylus aureus ,21.981350,-16.877600,259,259,125,134,-9,-9,201,201,208,217,149,149,224,224,226,235,177,180,259,262,119,128,248,257,146,150,321,324,109,115,160,160,199,226,195,207,TACTATTCTATCCGCCAGAGAATTACTAGTGAAAAACTTGAAACTCAAAGGACTTGGCGGTGTCCCACTTCGACCTAGAGGAGCCTGTCCTATAATCGATACTCCCCGTTCAACCCAACCTCAACTTGCATATTCAGCCTATATACCGCCGTCGACAGTCTACCCCATGAGGGTTTAATAGTAGACATAACAGTTTCACCACTAACACGTCAGGTCAAGGTGTAGCAAATGCTGAGGAAAGTGATTGGCTACATTTTTTTAATAAAAATAAACGAAATGCAACATGAAATCATGCACGAAGGTGAATTTAGCAGTAAGATAAACAAGAGTGCTTATCTTAAATTCGCTCTGGGACGCGCACA
A377,Acanthodactylus aureus ,21.981350,-16.877600,251,255,116,122,177,186,222,222,208,232,146,149,227,227,220,232,159,186,262,268,128,134,239,242,146,146,321,327,115,118,148,148,196,229,195,225,TACCATTCTATCCGCCAGAGAATTACTAGTGAAAAACTTGAAACTCAAAGGACTTGGCGGTGTCCCACTTCGACCTAGAGGAGCCTGTCCTATAATCGATACTCCCCGTTCAACCCAACCTCAACTTGCATATTCAGCCTATATACCGCCGTCGACAGTCTACCCCATGAGGGTTTAATAGTAGACATAACAGTTTCACCACTAACACGTCAGGTCAAGGTGTAGCAAATGCTGAGGAAAGCGATTGGCTACATTTTTTTAATAAAAATAAACGAAATGCAACATGAAATCATGCACGAAGGTGAATTTAGCAGTAAGATAAACAAGAGTGCTTATCTTAAATTCGCTCTGGGACGCGCACA
A379,Acanthodactylus aureus ,21.981350,-16.877600,259,259,122,122,177,177,-9,-9,196,211,152,155,224,227,220,235,186,189,238,265,134,140,242,257,138,150,324,327,109,115,151,151,190,196,195,210,TACTATTCTATCCGCCAGAGAATTACTAGTGAAAAACTTGAAACTCAAAGGACTTGGCGGTGTCCCACTTCGACCTAGAGGAGCCTGTCCTATAATCGATACTCCCCGTTCAACCCAACCTCAACTTGCATATTCAGCCTATATACCGCCGTCGACAGTCTACCCCATGAGGGTTTAATAGTAGACATAACAGTTTCACCACTAACACGTCAGGTCAAGGTGTAGCAAATGCTGAGGAAAGTGATTGGCTACATTTTTTTAATAAAAATAAACGAAATGCAACATGAAATCATGCACGAAGGTGAATTTAGCAGTAAGATAAACAAGAGTGCTTATCTTAAATTCGCTCTGGGACGCGCACA
A380,Acanthodactylus aureus ,21.981350,-16.877600,255,259,125,128,171,183,201,216,193,217,152,152,224,224,235,241,189,195,247,259,119,137,242,251,142,146,321,321,115,118,148,151,199,202,207,207,TACTATTCTATCCGCCAGAGAATTACTAGTGAAAAACTTGAAACTCAAAGGACTTGGCGGTGTCCCACTTCGACCTAGAGGAGCCTGTCCTATAATCGATACTCCCCGTTCAACCCAACCTCAACTTGCATATTCAGCCTATATACCGCCGTCGACAGTCTACCCCATGAGGGTTTAATAGTAGACATAACAGTTTCACCACTAACACGTCAGGTCAAGGTGTAGCAAATGCTGAGGAAAGTGATTGGCTACATTTTTTTAATAAAAATAAACGAAATGCAACATGAAATCATGCACGAAGGTGAATTTAGCAGTAAGATAAACAAGAGTGCTTATCTTAAATTCGCTCTGGGACGCGCACA
A381,Acanthodactylus aureus ,21.981350,-16.877600,251,255,128,128,174,189,222,222,205,208,143,155,224,227,-9,-9,-9,-9,262,265,131,140,233,245,138,138,-9,-9,106,118,148,148,190,190,201,213,TACTATTCTATCCGCCAGAGAATTACTAGTGAAAAACTTGAAACTCAAAGGACTTGGCGGTGTCCCACTTCGACCTAGAGGAGCCTGTCCTATAATCGATACTCCCCGTTCAACCCAACCTCAACTTGCATATTCAGCCTATATACCGCCGTCGACAGTCTACCCCATGAGGGTTTAATAGTAGACATAACAGTTTCACCACTAACACGTCAGGTCAAGGTGTAGCAAATGCTGAGGAAAGTGATTGGCTACATTTTTTTAATAAAAATAAACGAAATGCAACATGAAATCATGCACGAAGGTGAATTTAGCAGTAAGATAAACAAGAGTGCTTATCTTAAATTCGCTCTGGGACGCGCACA
A011,Acanthodactylus aureus ,21.981400,-16.877350,251,255,125,131,180,186,207,213,202,220,140,152,224,227,217,238,174,192,262,271,134,143,245,245,-9,-9,318,327,118,121,142,160,190,220,198,213,TACTATTCTATCCGCCAGAGAATTACTAGTGAAAAACTTGAAACTCAAAGGACTTGGCGGTGTCCCACTTCGACCTAGAGGAGCCTGTCCTATAATCGATACTCCCCGTTCAACCCAACCTCAACTTGCATATTCAGCCTATATACCGCCGTCGACAGTCTACCCCATGAGGGTTTAATAGTAGACATAACAGTTTCACCACTAACACGTCAGGTCAAGGTGTAGCAAATGCTGAGGAAAGTGATTGGCTACATTTTTTTAATAAAAATAAACGAAATGCAACATGAAATCATGCACGAAGGTGAATTTAGCAGTAAGATAAACAAGAGTGCTTATCTTAAATTCGCTCTGGGACGCGCACA
A382,Acanthodactylus aureus ,22.370967,-16.471050,255,255,122,128,177,180,213,228,208,208,149,158,224,227,208,235,183,192,256,271,137,140,239,251,142,146,327,330,106,118,151,151,229,229,213,216,TACTATTCTATCCGCCAGAGAATTACTAGTGAAAAACTTGAAACTCAAAGGACTTGGCGGTGTCCCACTTCGACCTAGAGGAGCCTGTCCTATAATCGATACTCCCCGTTCAACCCAACCTCAACTTGCATATTCAGCCTATATACCGCCGTCGACAGTCTACCCCATGAGGGTTTAATAGTAGACATAACAGTTTCACCACTAACACGTCAGGTCAAGGTGTAGCAAATGCTGAGGAAAGTGATTGGCTACATTTTTTTAATAAAAATAAACGAAATGCAACATGAAATCATGCACGAAGGTGAATTTAGCAGTAAGATAAACAAGAGTGCTTATCTTAAATTCGCTCTGGGACGCGCACA
A383,Acanthodactylus aureus ,22.370967,-16.471050,251,255,122,128,180,180,201,201,202,205,152,161,224,227,208,235,180,180,259,268,122,143,239,269,138,142,321,327,112,121,157,175,199,220,198,207,TACCATTCTATCCGCCAGAGAATTACTAGTGAAAAACTTGAAACTCAAAGGACTTGGCGGTGTCCCACTTCGACCTAGAGGAGCCTGTCCTATAATCGATACTCCCCGTTCAACCCAACCTCAACTTGCATATTCAGCCTATATACCGCCGTCGACAGTCTACCCCATGAGGGTTTAATAGTAGACATAACAGTTTCACCACTAACACGTCAGGTCAAGGTGTAGCAAATGCTGAGGAAAGCGATTGGCTACATTTTTTTAATAAAAATAAACGAAATGCAACATGAAATCATGCACGAAGGTGAATTTAGCAGTAAGATAAACAAGAGTGCTTATCTTAAATTCGCTCTGGGACGCGCACA
A385,Acanthodactylus aureus ,22.370967,-16.471050,255,263,128,128,174,180,204,219,217,220,146,173,-9,-9,-9,-9,-9,-9,256,265,143,152,257,263,138,142,-9,-9,109,115,151,172,196,196,207,216,TACTATTCTATCCGCCAGAGAATTACTAGTGAAAAACTTGAAACTCAAAGGACTTGGCGGTGTCCCACTTCGACCTAGAGGAGCCTGTCCTATAATCGATACTCCCCGTTCAACCCAACCTCAACTTGCATATTCAGCCTATATACCGCCGTCGACAGTCTACCCCATGAGGGTTTAATAGTAGACATAACAGTTTCACCACTAACACGTCAGGTCAAGGTGTAGCAAATGCTGAGGAAAGTGATTGGCTACATTTTTTTAATAAAAATAAACGAAATGCAACATGAAATCATGCACGAAGGTGAATTTAGCAGTAAGATAAACAAGAGTGCTTATCTTAAATTCGCTCTGGGACGCGCACA
9999,Acanthodactylus aureus ,22.611073,-14.470873,251,259,122,122,162,168,207,228,202,232,143,146,224,236,208,238,174,174,256,265,134,134,254,254,142,142,327,327,109,109,151,157,199,229,198,213,TACCATTCTATCCGCCAGAGGATTACTAGTGAAAAACTTGAAACTCAAAGGACTTGGCGGTGTCCCACTTCGACCTAGAGGAGCCTGTCCTATAATCGATACTCCCCGTTCAACCCAACCTCAACTTGCATGTTCAGCCTATATACCGCCGTCGACAGTCTACCCCATGAGGGCTTAATAGTAGACATAACAGTTTTACCACTAACACGTCAGGTCAAGGTGTAGCAAATGCTGAGG-AAGCGATTGGCTACATTTTTTTAATAAAAATAAACGAAATGCAACATGAAATCATGCACGAAGGTGAATTTAGCAGTAAGATAAACAAGAGTGCTTATCTTAAATTCGCTCTGGGACGCGCACA
A386,Acanthodactylus aureus ,22.820467,-16.251933,255,255,122,125,177,192,201,207,202,202,149,155,224,230,211,229,153,168,262,268,134,137,230,242,142,146,327,327,112,115,157,160,193,196,210,213,TACCATTCTATCCGCCAGAGGATTACTAGTGAAAAACTTGAAACTCAAAGGACTTGGCGGTGTCCCACTTCGACCTAGAGGAGCCTGTCCTATAATCGATACTCCCCGTTCAACCCAACCTCAACTTGCATGTTCAGCCTATATACCGCCGTCGACAGTCTACCCCATGAGGGCTTAATAGTAGACATAACAGTTTTACCACTAACACGTCAGGTCAAGGTGTAGCAAATGCTGAGG-AAGCGATTGGCTACATTTTTTTAATAAAAATAAACGAAATGCAACATGAAATCATGCACGAAGGTGAATTTAGCAGTAAGATAAACAAGAGTGCTTATCTTAAATTCGCTCTGGGACGCGCACA
A387,Acanthodactylus aureus ,22.820467,-16.251933,251,259,122,128,162,171,201,207,193,211,152,155,224,224,-9,-9,150,186,265,271,128,140,230,242,138,142,327,330,115,115,157,166,202,229,198,213,TACCATTCTATCCGCCAGAGGATTACTAGTGAAAAACTTGAAACTCAAAGGACTTGGCGGTGTCCCACTTCGACCTAGAGGAGCCTGTCCTATAATCGATACTCCCCGTTCAACCCAACCTCAACTTGCATGTTCAGCCTATATACCGCCGTCGACAGTCTACCCCATGAGGGCTTAATAGTAGACATAACAGTTTTACCACTAACACGTCAGGTCAAGGTGTAGCAAATGCTGAGG-AAGCGATTGGCTACATTTTTTTAATAAAAATAAACGAAATGCAACATGAAATCATGCACGAAGGTGAATTTAGCAGTAAGATAAACAAGAGTGCTTATCTTAAATTCGCTCTGGGACGCGCACA
A388,Acanthodactylus aureus ,22.820467,-16.251933,255,255,122,128,177,180,207,207,211,211,146,158,224,233,226,235,186,189,256,259,137,143,242,251,142,142,321,330,103,112,157,169,181,226,198,204,TACCATTCTATCCGCCAGAGGATTACTAGTGAAAAACTTGAAACTCAAAGGACTTGGCGGTGTCCCACTTCGACCTAGAGGAGCCTGTCCTATAATCGATACTCCCCGTTCAACCCAACCTCAACTTGCATGTTCAGCCTATATACCGCCGTCGACAGTCTACCCCATGAGGGCTTAATAGTAGACATAACAGTTTTACCACTAACACGTCAGGTCAAGGTGTAGCAAATGCTGAGG-AAGCGATTGGCTACATTTTTTTAATAAAAATAAACGAAATGCAACATGAAATCATGCACGAAGGTGAATTTAGCAGTAAGATAAACAAGAGTGCTTATCTTAAATTCGCTCTGGGACGCGCACA
A389,Acanthodactylus aureus ,22.820467,-16.251933,255,255,122,122,180,183,201,207,202,211,146,146,224,227,229,232,168,168,256,259,122,134,257,257,142,150,327,327,109,109,157,160,181,229,201,207,TACCATTCTATCCGCCAGAGGATTACTAGTGAAAAACTTGAAACTCAAAGGACTTGGCGGTGTCCCACTTCGACCTAGAGGAGCCTGTCCTATAATCGATACTCCCCGTTCAACCCAACCTCAACTTGCATGTTCAGCCTATATACCGCCGTCGACAGTCTACCCCATGAGGGCTTAATAGTAGACATAACAGTTTTACCACTAACACGTCAGGTCAAGGTGTAGCAAATGCTGAGG-AAGCGATTGGCTACATTTTTTTAATAAAAATAAACGAAATGCAACATGAAATCATGCACGAAGGTGAATTTAGCAGTAAGATAAACAAGAGTGCTTATCTTAAATTCGCTCTGGGACGCGCACA
A391,Acanthodactylus aureus ,22.820467,-16.251933,259,259,125,137,174,174,207,207,211,211,146,152,224,224,214,235,159,177,253,262,137,140,230,242,142,142,324,327,100,115,160,172,193,199,210,213,TACCATTCTATCCGCCAGAGGATTACTAGTGAAAAACTTGAAACTCAAAGGACTTGGCGGTGTCCCACTTCGACCTAGAGGAGCCTGTCCTATAATCGATACTCCCCGTTCAACCCAACCTCAACTTGCATGTTCAGCCTATATACCGCCGTCGACAGTCTACCCCATGAGGGCTTAATAGTAGACATAACAGTTTTACCACTAACACGTCAGGTCAAGGTGTAGCAAATGCTGAGG-AAGCGATTGGCTACATTTTTTTAATAAAAATAAACGAAATGCAACATGAAATCATGCACGAAGGTGAATTTAGCAGTAAGATAAACAAGAGTGCTTATCTTAAATTCGCTCTGGGACGCGCACA
7339,Acanthodactylus aureus ,23.100152,-15.566718,251,255,128,128,174,180,207,210,208,211,146,146,224,227,214,235,159,165,262,265,137,137,239,266,138,138,324,330,115,115,160,160,199,226,210,210,TACCATTCTATCCGCCAGAGGATTACTAGTGAAAAACTTGAAACTCAAAGGACTTGGCGGTGTCCCACTTCGACCTAGAGGAGCCTGTCCTATAATCGATACTCCCCGTTCAACCCAACCTCAACTTGCATGTTCAGCCTATATACCGCCGTCGACAGTCTACCCCATGAGGGCTTAATAGTAGACATAACAGTTTTACCACTAACACGTCAGGTCAAGGTGTAGCAAATGCTGAGG-AAGCGATTGGCTACATTTTTTTAATAAAAATAAACGAAATGCAACATGAAATCATGCACGAAGGTGAATTTAGCAGTAAGATAAACAAGAGTGCTTATCTTAAATTCGCTCTGGGACGCGCACA
7340,Acanthodactylus aureus ,23.100152,-15.566718,255,255,122,128,180,183,207,213,208,238,149,152,224,227,217,223,153,153,253,265,128,131,245,248,138,138,324,327,112,118,166,166,196,196,192,213,TACCATTCTATCCGCCAGAGGATTACTAGTGAAAAACTTGAAACTCAAAGGACTTGGCGGTGTCCCACTTCGACCTAGAGGAGCCTGTCCTATAATCGATACTCCCCGTTCAACCCAACCTCAACTTGCATGTTCAGCCTATATACCGCCGTCGACAGTCTACCCCATGAGGGCTTAATAGTAGACATAACAGTTTTACCACTAACACGTCAGGTCAAGGTGTAGCAAATGCTGAGG-AAGCGATTGGCTACATTTTTTTAATAAAAATAAACGAAATGCAACATGAAATCATGCACGAAGGTGAATTTAGCAGTAAGATAAACAAGAGTGCTTATCTTAAATTCGCTCTGGGACGCGCACA
7344,Acanthodactylus aureus ,23.130875,-15.640215,251,255,128,128,180,186,213,216,205,208,146,146,224,227,217,235,150,183,253,262,122,140,242,254,142,142,321,327,109,115,154,160,187,193,204,207,TACCATTCTATCCGCCAGAGGATTACTAGTGAAAAACTTGAAACTCAAAGGACTTGGCGGTGTCCCACTTCGACCTAGAGGAGCCTGTCCTATAATCGATACTCCCCGTTCAACCCAACCTCAACTTGCATGTTCAGCCTATATACCGCCGTCGACAGTCTACCCCATGAGGGCTTAATAGTAGACATAACAGTTTTACCACTAACACGTCAGGTCAAGGTGTAGCAAATGCTGAGG-AAGCGATTGGCTACATTTTTTTAATAAAAATAAACGAAATGCAACATGAAATCATGCACGAAGGTGAATTTAGCAGTAAGATAAACAAGAGTGCTTATCTTAAATTCGCTCTGGGACGCGCACA
7345,Acanthodactylus aureus ,23.130875,-15.640215,251,255,122,128,174,177,201,207,193,232,143,149,227,227,211,241,150,168,-9,-9,131,134,236,248,-9,-9,321,327,112,115,160,160,190,190,213,219,TACCATTCTATCCGCCAGAGGATTACTAGTGAAAAACTTGAAACTCAAAGGACTTGGCGGTGTCCCACTTCGACCTAGAGGAGCCTGTCCTATAATCGATACTCCCCGTTCAACCCAACCTCAACTTGCATGTTCAGCCTATATACCGCCGTCGACAGTCTACCCCATGAGGGCTTAATAGTAGACATAACAGTTTTACCACTAACACGTCAGGTCAAGGTGTAGCAAATGCTGAGG-AAGCGATTGGCTACATTTTTTTAATAAAAATAAACGAAATGCAACATGAAATCATGCACGAAGGTGAATTTAGCAGTAAGATAAACAAGAGTGCTTATCTTAAATTCGCTCTGGGACGCGCACA
7346,Acanthodactylus aureus ,23.130875,-15.640215,251,259,128,131,171,177,213,213,190,217,143,146,224,224,223,229,159,159,232,268,137,140,254,254,138,142,327,327,112,112,154,160,190,223,192,210,TACCATTCTATCCGCCAGAGGATTACTAGTGAAAAACTTGAAACTCAAAGGACTTGGCGGTGTCCCACTTCGACCTAGAGGAGCCTGTCCTATAATCGATACTCCCCGTTCAACCCAACCTCAACTTGCATGTTCAGCCTATATACCGCCGTCGACAGTCTACCCCATGAGGGCTTAATAGTAGACATAACAGTTTTACCACTAACACGTCAGGTCAAGGTGTAGCAAATGCTGAGG-AAGCGATTGGCTACATTTTTTTAATAAAAATAAACGAAATGCAACATGAAATCATGCACGAAGGTGAATTTAGCAGTAAGATAAACAAGAGTGCTTATCTTAAATTCGCTCTGGGACGCGCACA
A393,Acanthodactylus aureus ,23.133917,-16.084333,259,259,122,128,171,180,207,210,205,208,149,149,224,227,238,238,-9,-9,262,268,137,146,242,254,138,138,-9,-9,106,112,157,166,181,181,201,204,TACCATTCTATCCGCCAGAGGATTACTAGTGAAAAACTTGAAACTCAAAGGACTTGGCGGTGTCCCACTTCGACCTAGAGGAGCCTGTCCTATAATCGATACTCCCCGTTCAACCCAACCTCAACTTGCATGTTCAGCCTATATACCGCCGTCGACAGTCTACCCCATGAGGGCTTAATAGTAGACATAACAGTTTTACCACTAACACGTCAGGTCAAGGTGTAGCAAATGCTGAGG-AAGCGATTGGCTACATTTTTTTAATAAAAATAAACGAAATGCAACATGAAATCATGCACGAAGGTGAATTTAGCAGTAAGATAAACAAGAGTGCTTATCTTAAATTCGCTCTGGGACGCGCACA
7335,Acanthodactylus aureus ,23.172805,-15.479898,255,255,122,122,174,180,207,213,202,208,143,146,224,227,238,238,165,177,259,265,137,137,242,245,138,138,321,330,112,118,160,160,196,229,204,213,TACCATTCTATCCGCCAGAGGATTACTAGTGAAAAACTTGAAACTCAAAGGACTTGGCGGTGTCCCACTTCGACCTAGAGGAGCCTGTCCTATAATCGATACTCCCCGTTCAACCCAACCTCAACTTGCATGTTCAGCCTATATACCGCCGTCGACAGTCTACCCCATGAGGGCTTAATAGTAGACATAACAGTTTTACCACTAACACGTCAGGTCAAGGTGTAGCAAATGCTGAGG-AAGCGATTGGCTACATTTTTTTAATAAAAATAAACGAAATGCAACATGAAATCATGCACGAAGGTGAATTTAGCAGTAAGATAAACAAGAGTGCTTATCTTAAATTCGCTCTGGGACGCGCACA
9145,Acanthodactylus aureus ,23.257693,-15.169005,251,259,128,128,180,186,207,210,214,232,152,152,224,224,208,208,168,168,256,256,122,131,245,266,142,142,321,324,115,115,154,157,193,202,204,213,TACCATTCTATCCGCCAGAGGATTACTAGTGAAAAACTTGAAACTCAAAGGACTTGGCGGTGTCCCACTTCGACCTAGAGGAGCCTGTCCTATAATCGATACTCCCCGTTCAACCCAACCTCAACTTGCATGTTCAGCCTATATACCGCCGTCGACAGTCTACCCCATGAGGGCTTAATAGTAGACATAACAGTTTTACCACTAACACGTCAGGTCAAGGTGTAGCAAATGCTGAGG-AAGCGATTGGCTACATTTTTTTAATAAAAATAAACGAAATGCAACATGAAATCATGCACGAAGGTGAATTTAGCAGTAAGATAAACAAGAGTGCTTATCTTAAACTCGCTCTGGGACGCGCACA
7361,Acanthodactylus aureus ,23.276567,-15.915497,251,255,122,122,168,174,207,207,208,211,152,155,224,227,238,238,150,183,256,265,128,143,242,260,142,142,324,330,106,109,157,160,196,226,207,207,TACCATTCTATCCGCCAGAGGATTACTAGTGAAAAACTTGAAACTCAAAGGACTTGGCGGTGTCCCACTTCGACCTAGAGGAGCCTGTCCTATAATCGATACTCCCCGTTCAACCCAACCTCAACTTGCATGTTCAGCCTATATACCGCCGTCGACAGTCTACCCCATGAGGGCTTAATAGTAGACATAACAGTTTTACCACTAACACGTCAGGTCAAGGTGTAGCAAATGCTGAGG-AAGCGATTGGCTACATTTTTTTAATAAAAATAAACGAAATGCAACATGAAATCATGCACGAAGGTGAATTTAGCAGTAAGATAAACAAGAGTGCTTATCTTAAATTCGCTCTGGGACGCGCACA
9139,Acanthodactylus aureus ,23.293490,-15.201453,251,255,122,125,177,180,207,222,205,214,152,152,227,227,214,235,159,168,256,259,128,143,233,239,142,142,321,330,106,115,157,172,193,223,195,198,TACCATTCTATCCGCCAGAGGATTACTAGTGAAAAACTTGAAACTCAAAGGACTTGGCGGTGTCCCACTTCGACCTAGAGGAGCCTGTCCTATAATCGATACTCCCCGTTCAACCCAACCTCAACTTGCATGTTCAGCCTATATACCGCCGTCGACAGTCTACCCCATGAGGGCTTAATAGTAGACATAACAGTTTTACCACTAACACGTCAGGTCAAGGTGTAGCAAATGCTGAGG-AAGCGATTGGCTACATTTTTTTAATAAAAATAAACGAAATGCAACATGAAATCATGCACGAAGGTGAATTTAGCAGTAAGATAAACAAGAGTGCTTATCTTAAATTCGCTCTGGGACGCGCACA
7326,Acanthodactylus aureus ,23.350295,-15.423283,251,255,122,128,168,174,210,225,205,208,146,155,227,233,208,223,159,177,256,265,137,140,245,251,142,142,324,327,106,115,160,160,196,232,204,210,TACCATTCTATCCGCCAGAGGATTACTAGTGAAAAACTTGAAACTCAAAGGACTTGGCGGTGTCCCACTTCGACCTAGAGGAGCCTGTCCTATAATCGATACTCCCCGTTCAACCCAACCTCAACTTGCATGTTCAGCCTATATACCGCCGTCGACAGTCTACCCCATGAGGGCTTAATAGTAGACATAACAGTTTTACCACTAACACGTCAGGTCAAGGTGTAGCAAATGCTGAGG-AAGCGATTGGCTACATTTTTTTAATAAAAATAAACGAAATGCAACATGAAATCATGCACGAAGGTGAATTTAGCAGTAAGATAAACAAGAGTGCTTATCTTAAACTCGCTCTGGGACGCGCACA
7327,Acanthodactylus aureus ,23.350295,-15.423283,251,251,122,128,171,177,207,210,208,208,149,155,224,227,238,238,159,165,262,265,122,137,245,248,138,138,321,321,106,118,163,166,196,226,213,216,TACCATTCTATCCGCCAGAGGATTACTAGTGAAAAACTTGAAACTCAAAGGACTTGGCGGTGTCCCACTTCGACCTAGAGGAGCCTGTCCTATAATCGATACTCCCCGTTCAACCCAACCTCAACTTGCATGTTCAGCCTATATACCGCCGTCGACAGTCTACCCCATGAGGGCTTAATAGTAGACATAACAGTTTTACCACTAACACGTCAGGTCAAGGTGTAGCAAATGCTGAGG-AAGCGATTGGCTACATTTTTTTAATAAAAATAAACGAAATGCAACATGAAATCATGCACGAAGGTGAATTTAGCAGTAAGATAAACAAGAGTGCTTATCTTAAATTCGCTCTGGGACGCGCACA
9125,Acanthodactylus aureus ,23.423797,-15.911432,251,255,122,125,168,174,201,219,211,211,146,149,227,227,214,235,150,186,232,259,128,146,251,254,142,142,324,327,112,118,157,160,199,223,210,216,TACCATTCTATCCGCCAGAGGATTACTAGTGAAAAACTTGAAACTCAAAGGACTTGGCGGTGTCCCACTTCGACCTAGAGGAGCCTGTCCTATAATCGATACTCCCCGTTCAACCCAACCTCAACTTGCATGTTCAGCCTATATACCGCCGTCGACAGTCTACCCCATGAGGGCTTAATAGTAGACATAACAGTTTTACCACTAACACGTCAGGTCAAGGTGTAGCAAATGCTGAGG-AAGCGATTGGCTACATTTTTTTAATAAAAATAAACGAAATGCAACATGAAATCATGCACGAAGGTGAATTTAGCAGTAAGATAAACAAGAGTGCTTATCTTAAATTCGCTCTGGGACGCGCACA
7322,Acanthodactylus aureus ,23.478655,-15.392588,251,251,122,128,174,180,207,207,199,205,149,149,221,227,235,235,153,153,259,262,125,140,251,260,142,146,306,306,106,115,154,163,193,199,201,213,TACCATTCTATCCGCCAGAGGATTACTAGTGAAAAACTTGAAACTCAAAGGACTTGGCGGTGTCCCACTTCGACCTAGAGGAGCCTGTCCTATAATCGATACTCCCCGTTCAACCCAACCTCAACTTGCATGTTCAGCCTATATACCGCCGTCGACAGTCTACCCCATGAGGGCTTAATAGTAGACATAACAGTTTTACCACTAACACGTCAGGTCAAGGTGTAGCAAATGCTGAGG-AAGCGATTGGCTACATTTTTTTAATAAAAATAAACGAAATGCAACATGAAATCATGCACGAAGGTGAATTTAGCAGTAAGATAAACAAGAGTGCTTATCTTAAATTCGCTCTGGGACGCGCACA
9135,Acanthodactylus aureus ,23.512108,-15.547025,251,255,122,128,174,177,213,213,199,205,155,155,224,227,232,232,153,177,250,271,131,137,236,257,138,138,321,327,103,109,154,160,196,232,192,204,TACCATTCTATCCGCCAGAGGATTACTAGTGAAAAACTTGAAACTCAAAGGACTTGGCGGTGTCCCACTTCGACCTAGAGGAGCCTGTCCTATAATCGATACTCCCCGTTCAACCCAACCTCAACTTGCATGTTCAGCCTATATACCGCCGTCGACAGTCTACCCCATGAGGGCTTAATAGTAGACATAACAGTTTTACCACTAACACGTCAGGTCAAGGTGTAGCAAATGCTGAGG-AAGCGATTGGCTACATTTTTTTAATAAAAATAAACGAAATGCAACATGAAATCATGCACGAAGGTGAATTTAGCAGTAAGATAAACAAGAGTGCTTATCTTAAATTCGCTCTGGGACGCGCACA
7310,Acanthodactylus aureus ,23.578673,-15.230320,251,259,125,128,177,180,207,216,208,214,146,149,224,224,229,232,153,180,256,265,131,134,257,257,146,146,324,330,103,112,154,166,190,202,195,213,TACCATTCTATCCGCCAGAGGATTACTAGTGAAAAACTTGAAACTCAAAGGACTTGGCGGTGTCCCACTTCGACCTAGAGGAGCCTGTCCTATAATCGATACTCCCCGTTCAACCCAACCTCAACTTGCATGTTCAGCCTATATACCGCCGTCGACAGTCTACCCCATGAGGGCTTAATAGTAGACATAACAGTTTTACCACTAACACGTCAGGTCAAGGTGTAGCAAATGCTGAGG-AAGCGATTGGCTACATTTTTTTAATAAAAATAAACGAAATGCAACATGAAATCATGCACGAAGGTGAATTTAGCAGTAAGATAAACAAGAGTGCTTATCTTAAATTCGCTCTGGGACGCGCACA
A394,Acanthodactylus aureus ,23.625050,-15.852067,251,259,122,122,177,177,210,213,208,211,146,149,224,224,208,226,153,183,247,265,131,137,242,245,138,142,324,327,097,109,157,160,190,223,195,204,TACCATTCTATCCGCCAGAGGATTACTAGTGAAAAACTTGAAACTCAAAGGACTTGGCGGTGTCCCACTTCGACCTAGAGGAGCCTGTCCTATAATCGATACTCCCCGTTCAACCCAACCTCAACTTGCATGTTCAGCCTATATACCGCCGTCGACAGTCTACCCCATGAGGGCTTAATAGTAGACATAACAGTTTTACCACTAACACGTCAGGTCAAGGTGTAGCAAATGCTGAGG-AAGCGATTGGCTACATTTTTTTAATAAAAATAAACGAAATGCAACATGAAATCATGCACGAAGGTGAATTTAGCAGTAAGATAAACAAGAGTGCTTATCTTAAATTCGCTCTGGGACGCGCACA
7308,Acanthodactylus aureus ,23.714388,-14.995728,251,251,122,122,177,180,207,210,211,217,152,152,224,227,235,241,153,177,268,268,128,140,251,257,127,127,321,333,112,112,157,157,190,196,186,213,TACCATTCTATCCGCCAGAGGATTACTAGTGAAAAACTTGAAACTCAAAGGACTTGGCGGTGTCCCACTTCGACCTAGAGGAGCCTGTCCTATAATCGATACTCCCCGTTCAACCCAACCTCAACTTGCATGTTCAGCCTATATACCGCCGTCGACAGTCTACCCCATGAGGGCTTAATAGTAGACATAACAGTTTTACCACTAACACGTCAGGTCAAGGTGTAGCAAATGCTGAGG-AAGCGATTGGCTACATTTTTTTAATAAAAATAAACGAAATGCAACATGAAATCATGCACGAAGGTGAATTTAGCAGTAAGATAAACAAGAGTGCTTATCTTAAATTCGCTCTGGGACGCGCACA
7309,Acanthodactylus aureus ,23.714388,-14.995728,255,259,122,122,174,180,210,228,217,217,149,152,227,227,217,232,153,168,247,247,131,137,242,254,142,146,321,321,115,115,154,160,-9,-9,201,216,TACCATTCTATCCGCCAGAGGATTACTAGTGAAAAACTTGAAACTCAAAGGACTTGGCGGTGTCCCACTTCGACCTAGAGGAGCCTGTCCTATAATCGATACTCCCCGTTCAACCCAACCTCAACTTGCATGTTCAGCCTATATACCGCCGTCGACAGTCTACCCCATGAGGGCTTAATAGTAGACATAACAGTTTTACCACTAACACGTCAGGTCAAGGTGTAGCAAATGCTGAGG-AAGCGATTGGCTACATTTTTTTAATAAAAATAAACGAAATGCAACATGAAATCATGCACGAAGGTGAATTTAGCAGTAAGATAAACAAGAGTGCTTATCTTAAATTCGCTCTGGGACGCGCACA
A395,Acanthodactylus aureus ,23.890017,-15.823950,255,255,122,128,177,183,210,216,202,208,152,158,224,224,214,235,153,174,232,262,128,137,260,263,138,138,324,330,112,118,160,169,199,229,210,213,TACCATTCTATCCGCCAGAGGATTACTAGTGAAAAACTTGAAACTCAAAGGACTTGGCGGTGTCCCACTTCGACCTAGAGGAGCCTGTCCTATAATCGATACTCCCCGTTCAACCCAACCTCAACTTGCATGTTCAGCCTATATACCGCCGTCGACAGTCTACCCCATGAGGGCTTAATAGTAGACATAACAGTTTTACCACTAACACGTCAGGTCAAGGTGTAGCAAATGCTGAGG-AAGCGATTGGCTACATTTTTTTAATAAAAATAAACGAAATGCAACATGAAATCATGCACGAAGGTGAATTTAGCAGTAAGATAAACAAGAGTGCTTATCTTAAATTCGCTCTGGGACGCGCACA
A396,Acanthodactylus aureus ,23.890017,-15.823950,251,255,122,122,171,177,210,213,205,214,149,149,224,227,214,235,159,180,262,262,137,137,251,254,154,162,321,327,109,115,154,163,196,196,204,204,TACCATTCTATCCGCCAGAGGATTACTAGTGAAAAACTTGAAACTCAAAGGACTTGGCGGTGTCCCACTTCGACCTAGAGGAGCCTGTCCTATAATCGATACTCCCCGTTCAACCCAACCTCAACTTGCATATTCAGCCTATATACCGCCGTCGACAGTCTACCCCATGAGGGCTTAATAGTAGACATAACAGTTTTACCACTAACACGTCAGGTCAAGGTGTAGCAAATGCTGAGG-AAGCGATTGGCTACATTTTTTTAATAAAAATAAACGAAATGCAACATGAAATCATGCACGAAGGTGAATTTAGCAGTAAGATAAACAAGAGTGCTTATCTTAAATTCGCTCTGGGACGCGCACA
A397,Acanthodactylus aureus ,23.890017,-15.823950,255,255,125,125,171,177,201,207,202,205,146,152,224,233,-9,-9,165,165,256,259,125,137,239,245,142,142,327,327,112,112,166,175,223,226,198,210,TACCATTCTATCCGCCAGAGGATTACTAGTGAAAAACTTGAAACTCAAAGGACTTGGCGGTGTCCCACTTCGACCTAGAGGAGCCTGTCCTATAATCGATACTCCCCGTTCAACCCAACCTCAACTTGCATGTTCAGCCTATATACCGCCGTCGACAGTCTACCCCATGAGGGCTTAATAGTAGACATAACAGTTTTACCACTAACACGTCAGGTCAAGGTGTAGCAAATGCTGAGG-AAGCGATTGGCTACATTTTTTTAATAAAAATAAACGAAATGCAACATGAAATCATGCACGAAGGTGAATTTAGCAGTAAGATAAACAAGAGTGCTTATCTTAAATTCGCTCTGGGACGCGCACA
A398,Acanthodactylus aureus ,23.890017,-15.823950,255,255,125,125,171,174,204,213,-9,-9,149,155,224,224,211,229,-9,-9,256,262,140,143,239,251,142,142,-9,-9,106,118,154,160,226,226,207,213,TACCATTCTATCCGCCAGAGGATTACTAGTGAAAAACTTGAAACTCAAAGGACTTGGCGGTGTCCCACTTCGACCTAGAGGAGCCTGTCCTATAATCGATACTCCCCGTTCAACCCAACCTCAACTTGCATGTTCAGCCTATATACCGCCGTCGACAGTCTACCCCATGAGGGCTTAATAGTAGACATAACAGTTTTACCACTAACACGTCAGGTCAAGGTGTAGCAAATGCTGAGG-AAGCGATTGGCTACATTTTTTTAATAAAAATAAACGAAATGCAACATGAAATCATGCACGAAGGTGAATTTAGCAGTAAGATAAACAAGAGTGCTTATCTTAAATTCGCTCTGGGACGCGCACA
A399,Acanthodactylus aureus ,23.890017,-15.823950,251,255,125,128,171,171,207,210,208,211,143,155,227,227,235,238,165,183,265,274,134,137,233,239,138,142,324,330,115,118,160,166,223,229,204,207,TACCATTCTATCCGCCAGAGGATTACTAGTGAAAAACTTGAAACTCAAAGGACTTGGCGGTGTCCCACTTCGACCTAGAGGAGCCTGTCCTATAATCGATACTCCCCGTTCAACCCAACCTCAACTTGCATGTTCAGCCTATATACCGCCGTCGACAGTCTACCCCATGAGGGCTTAATAGTAGACATAACAGTTTTACCACTAATACGTCAGGTCAAGGTGTAGCAAATGCTGAGG-AAGCGATTGGCTACATTTTTTTAATAAAAATAAACGAAATGCAACATGAAATCATGCACGAAGGTGAATTTAGCAGTAAGATAAACAAGAGTGCTTATCTTAAATTCGCTCTGGGACGCGCACA
A400,Acanthodactylus aureus ,23.890017,-15.823950,255,255,122,134,165,174,207,210,211,211,146,158,224,227,226,235,165,165,259,262,128,134,251,260,150,150,327,327,109,115,157,163,199,223,204,210,TACCATTCTATCCGCCAGAGGATTACTAGTGAAAAACTTGAAACTCAAAGGACTTGGCGGTGTCCCACTTCGACCTAGAGGAGCCTGTCCTATAATCGATACTCCCCGTTCAACCCAACCTCAACTTGCATGTTCAGCCTATATACCGCCGTCGACAGTCTACCCCATGAGGGCTTAATAGTAGACATAACAGTTTTACCACTAACACGTCAGGTCAAGGTGTAGCAAATGCTGAGG-AAGCGATTGGCTACATTTTTTTAATAAAAATAAACGAAATGCAACATGAAATCATGCACGAAGGTGAATTTAGCAGTAAGATAAACAAGAGTGCTTATCTTAAATTCGCTCTGGGACGCGCACA
A401,Acanthodactylus aureus ,24.497533,-15.033050,259,259,122,128,174,177,207,207,205,211,143,149,224,224,232,238,177,189,262,265,137,137,245,254,138,142,327,327,109,115,157,160,181,196,216,219,TACCATTCTATCCGCCAGAGGATTACTAGTGAAAAACTTGAAACTCAAAGGACTTGGCGGTGTCCCACTTCGACCTAGAGGAGCCTGTCCTATAATCGATACTCCCCGTTCAACCCAACCTCAACTTGCATGTTCAGCCTATATACCGCCGTCGACAGTCTACCCCATGAGGGCTTAATAGTAGACATAACAGTTTTACCACTAACACGTCAGGTCAAGGTGTAGCAAATGCTGAGG-AAGCGATTGGCTACATTTTTTTAATAAAAATAAACGAAATGCAACATGAAATCATGCACGAAGGTGAATTTAGCAGTAAGATAAACAAGAGTGCTTATCTTAAATTCGCTCTGGGACGCGCACA
A402,Acanthodactylus aureus ,24.497533,-15.033050,251,255,125,125,171,174,207,207,202,208,149,155,224,224,229,238,168,168,256,262,134,140,236,245,138,138,324,327,109,118,157,157,190,256,213,219,TACCATTCTATCCGCCAGAGGATTACTAGTGAAAAACTTGAAACTCAAAGGACTTGGCGGTGTCCCACTTCGACCTAGAGGAGCCTGTCCTATAATCGATACTCCCCGTTCAACCCAACCTCAACTTGCATGTTCAGCCTATATACCGCCGTCGACAGTCTACCCCATGAGGGCTTAATAGTAGACATAACAGTTTTACCACTAACACGTCAGGTCAAGGTGTAGCAAATGCTGAGG-AAGCGATTGGCTACATTTTTTTAATAAAAATAAACGAAATGCAACATGAAATCATGCACGAAGGTGAATTTAGCAGTAAGATAAACAAGAGTGCTTATCTTAAATTCGCTCTGGGACGCGCACA
A403,Acanthodactylus aureus ,24.497533,-15.033050,255,255,122,122,180,180,210,222,208,211,149,152,224,254,232,232,153,153,256,259,137,137,251,260,142,142,318,330,103,115,166,169,193,226,198,213,TACCATTCTATCCGCCAGAGGATTACTAGTGAAAAACTTGAAACTCAAAGGACTTGGCGGTGTCCCACTTCGACCTAGAGGAGCCTGTCCTATAATCGATACTCCCCGTTCAACCCAACCTCAACTTGCATGTTCAGCCTATATACCGCCGTCGACAGTCTACCCCATGAGGGCTTAATAGTAGACATAACAGTTTTACCACTAACACGTCAGGTCAAGGTGTAGCAAATGCTGAGG-AAGCGATTGGCTACATTTTTTTAATAAAAATAAACGAAATGCAACATGAAATCATGCACGAAGGTGAATTTAGCAGTAAGATAAACAAGAGTGCTTATCTTAAATTCGCTCTGGGACGCGCACA
A404,Acanthodactylus aureus ,24.497533,-15.033050,255,259,122,131,168,186,207,219,211,211,143,158,224,227,226,235,168,201,232,274,131,140,266,266,138,138,318,324,115,115,157,160,184,193,198,201,TACCATTCTATCCGCCAGAGGATTACTAGTGAAAAACTTGAAACTCAAAGGACTTGGCGGTGTCCCACTTCGACCTAGAGGAGCCTGTCCTATAATCGATACTCCCCGTTCAACCCAACCTCAACTTGCATGTTCAGCCTATATACCGCCGTCGACAGTCTACCCCATGAGGGCTTAATAGTAGACATAACAGTTTTACCACTAACACGTCAGGTCAAGGTGTAGCAAATGCTGAGG-AAGCGATTGGCTACATTTTTTTAATAAAAATAAACGAAATGCAACATGAAATCATGCACGAAGGTGAATTTAGCAGTAAGATAAACAAGAGTGCTTATCTTAAATTCGCTCTGGGACGCGCACA
A405,Acanthodactylus aureus ,24.497533,-15.033050,251,263,122,125,165,177,213,219,199,214,146,149,224,227,214,229,183,183,259,265,137,137,239,242,138,146,327,327,115,118,151,157,181,253,210,210,TACCATTCTATCCGCCAGAGGATTACTAGTGAAAAACTTGAAACTCAAAGGACTTGGCGGTGTCCCACTTCGACCTAGAGGAGCCTGTCCTATAATCGATACTCCCCGTTCAACCCAACCTCAACTTGCATGTTCAGCCTATATACCGCCGTCGACAGTCTACCCCATGAGGGCTTAATAGTAGACATAACAGTTTTACCACTAACACGTCAGGTCAAGGTGTAGCAAATGCTGAGG-AAGCGATTGGCTACATTTTTTTAATAAAAATAAACGAAATGCAACATGAAATCATGCACGAAGGTGAATTTAGCAGTAAGATAAACAAGAGTGCTTATCTTAAATTCGCTCTGGGACGCGCACA
A406,Acanthodactylus aureus ,24.497533,-15.033050,251,263,122,128,168,171,201,213,208,208,149,152,224,227,232,238,153,183,256,259,131,137,242,251,138,138,321,327,112,112,148,151,190,229,198,207,TACCATTCTATCCGCCAGAGGATTACTAGTGAAAAACTTGAAACTCAAAGGACTTGGCGGTGTCCCACTTCGACCTAGAGGAGCCTGTCCTATAATCGATACTCCCCGTTCAACCCAACCTCAACTTGCATGTTCAGCCTATATACCGCCGTCGACAGTCTACCCCATGAGGGCTTAATAGTAGACATAATAGTTTTACCACTAACACGTCAGGTCAAGGTGTAGCAAATGCTGAGG-AAGCGATTGGCTACATTTTTTTAATAAAAATAAACGAAATGCAACATGAAATCATGCACGAAGGTGAATTTAGCAGTAAGATAAACAAGAGTGCTTATCTTAAATTCGCTCTGGGACGCGCACA
A407,Acanthodactylus aureus ,24.497533,-15.033050,251,259,122,122,168,180,210,219,208,208,149,155,224,227,229,232,168,168,271,274,131,137,242,266,138,138,324,324,106,112,151,166,193,193,198,213,TACCATTCTATCCGCCAGAGGATTACTAGTGAAAAACTTGAAACTCAAAGGACTTGGCGGTGTCCCACTTCGACCTAGAGGAGCCTGTCCTATAATCGATACTCCCCGTTCAACCCAACCTCAACTTGCATGTTCAGCCTATATACCGCCGTCGACAGTCTACCCCATGAGGGCTTAATAGTAGACATAACAGTTTTACCACTAACACGTCAGGTCAAGGTGTAGCAAATGCTGAGG-AAGCGATTGGCTACATTTTTTTAATAAAAATAAACGAAATGCAACATGAAATCATGCACGAAGGTGAATTTAGCAGTAAGATAAACAAGAGTGCTTATCTTAAATTCGCTCTGGGACGCGCACA
A408,Acanthodactylus aureus ,24.497533,-15.033050,251,255,122,128,186,186,207,213,208,211,149,152,227,230,235,238,-9,-9,232,259,137,137,242,245,138,138,321,321,103,109,151,166,193,193,204,213,TACCATTCTATCCGCCAGAGGATTACTAGTGAAAAACTTGAAACTCAAAGGACTTGGCGGTGTCCCACTTCGACCTAGAGGAGCCTGTCCTATAATCGATACTCCCCGTTCAACCCAACCTCAACTTGCATGTTCAGCCTATATACCGCCGTCGACAGTCTACCCCATGAGGGCTTAATAGTAGACATAACAGTTTTACCACTAACACGTCAGGTCAAGGTGTAGCAAATGCTGAGG-AAGCGATTGGCTACATTTTTTTAATAAAAATAAACGAAATGCAACATGAAATCATGCACGAAGGTGAATTTAGCAGTAAGATAAACAAGAGTGCTTATCTTAAATTCGCTCTGGGACGCGCACA
A409,Acanthodactylus aureus ,24.497533,-15.033050,259,259,122,122,177,192,204,207,208,223,152,155,227,239,-9,-9,-9,-9,262,274,125,128,248,272,146,146,330,330,103,115,151,157,190,253,195,207,TACCATTCTATCCGCCAGAGGATTACTAGTGAAAAACTTGAAACTCAAAGGACTTGGCGGTGTCCCACTTCGACCTAGAGGAGCCTGTCCTATAATCGATACTCCCCGTTCAACCCAACCTCAACTTGCATGTTCAGCCTATATACCGCCGTCGACAGTCTACCCCATGAGGGCTTAATAGTAGACATAACAGTTTTACCACTAACACGTCAGGTCAAGGTGTAGCAAATGCTGAGG-AAGCGATTGGCTACATTTTTTTAATAAAAATAAACGAAATGCAACATGAAATCATGCACGAAGGTGAATTTAGCAGTAAGATAAACAAGAGTGCTTATCTTAAATTCGCTCTGGGACGCGCACA
9111,Acanthodactylus aureus ,24.607635,-14.918450,255,267,122,128,177,180,207,210,211,214,146,149,224,242,214,235,153,153,256,265,128,134,248,254,146,146,321,327,109,112,154,157,184,193,198,213,TACCATTCTATCCGCCAGAGGATTACTAGTGAAAAACTTGAAACTCAAAGGACTTGGCGGTGTCCCACTTCGACCTAGAGGAGCCTGTCCTATAATCGATACTCCCCGTTCAACCCAACCTCAACTTGCATGTTCAGCCTATATACCGCCGTCGACAGTCTACCCCATGAGGGCTTAATAGTAGACATAACAGTTTTACCACTAACACGTCAGGTCAAGGTGTAGCAAATGCTGAGG-AAGCGATTGGCTACATTTTTTTAATAAAAATAAACGAAATGCAACATGAAATCATGCACGAAGGTGAATTTAGCAGTAAGATAAACAAGAGTGCTTATCTTAAATTCGCTCTGGGACGCGCACA
9112,Acanthodactylus aureus ,24.607635,-14.918450,255,255,122,122,156,183,213,216,202,205,146,155,218,224,214,232,168,168,262,262,122,137,254,257,142,142,321,327,103,109,151,160,184,202,207,216,TACCATTCTATCCGCCAGAGGATTACTAGTGAAAAACTTGAAACTCAAAGGACTTGGCGGTGTCCCACTTCGACCTAGAGGAGCCTGTCCTATAATCGATACTCCCCGTTCAACCCAACCTCAACTTGCATGTTCAGCCTATATACCGCCGTCGACAGTCTACCCCATGAGGGCTTAATAGTAGACATAACAGTTTTACCACTAACACGTCAGGTCAAGGTGTAGCAAATGCTGAGG-AAGCGATTGGCTACATTTTTTTAATAAAAATAAACGAAATGCAACATGAAATCATGCACGAAGGTGAATTTAGCAGTAAGATAAACAAGAGTGCTTATCTTAAATTCGCTCTGGGACGCGCACA
9108,Acanthodactylus aureus ,24.780555,-14.867262,255,259,122,122,177,177,201,210,211,214,149,152,224,227,232,235,168,183,262,262,128,143,230,230,138,138,321,327,106,115,154,166,184,202,198,207,TACCATTCTATCCGCCAGAGGATTACTAGTGAAAAACTTGAAACTCAAAGGACTTGGCGGTGTCCCACTTCGACCTAGAGGAGCCTGTCCTATAATCGATACTCCCCGTTCAACCCAACCTCAACTTGCATGTTCAGCCTATATACCGCCGTCGACAGTCTACCCCATGAGGGCTTAATAGTAGACATAACAGTTTTACCACTAACACGTCAGGTCAAGGTGTAGCAAATGCTGAGG-AAGCGATTGGCTACATTTTTTTAATAAAAATAAACGAAATGCAACATGAAATCATGCACGAAGGTGAATTTAGCAGTAAGATAAACAAGAGTGCTTATCTTAAATTCGCTCTGGGACGCGCACA
9920,Acanthodactylus aureus ,24.789693,-14.862590,263,263,122,125,180,192,207,207,208,208,149,152,224,224,208,241,153,153,259,271,122,137,242,248,142,142,312,321,106,112,160,169,199,226,213,213,TACCATTCTATCCGCCAGAGGATTACTAGTGAAAAACTTGAAACTCAAAGGACTTGGCGGTGTCCCACTTCGACCTAGAGGAGCCTGTCCTATAATCGATACTCCCCGTTCAACCCAACCTCAACTTGCATGTTCAGCCTATATACCGCCGTCGACAGTCTACCCCATGAGGGCTTAATAGTAGACATAACAGTTTTACCACTAACACGTCAGGTCAAGGTGTAGCAAATGCTGAGG-AAGCGATTGGCTACATTTTTTTAATAAAAATAAACGAAATGCAACATGAAATCATGCACGAAGGTGAATTTAGCAGTAAGATAAACAAGAGTGCTTATCTTAAATTCGCTCTGGGACGCGCACA
A410,Acanthodactylus aureus ,25.198317,-14.827067,259,259,122,128,177,180,210,222,202,241,143,155,224,227,211,214,168,168,262,265,122,137,242,263,-9,-9,327,330,112,118,148,154,181,181,204,213,TACCACTCTATCCGCCAGAGAATTACTAGTGAAAAACTTGAAACTCAAAGGACTTGGCGGTGTCCCACTTCGACCTAGAGGAGCCTGTCCTATAATCGATACTCCCCGTTCAACCCAACCTCAACTTGCATATTCAGCCTATATACCGCCGTCGACAGTCTACCCCATGAGGGCTTAATAGTAGACATAACAGTTTCACCACTAACACGTCAGGTCAAGGTGTAGCAAATGCTGAGGAAAGCGATTGGCTACATTTTTTTAATAAAAATAAACGAAATGCAACATGAAATCATGCATGAAGGTGAATTTAGCAGTAAGATAAACAAGAGTGCTTATCTTAAATTCGCTCTGGGACGCGCACA
A411,Acanthodactylus aureus ,25.198317,-14.827067,255,259,110,122,189,198,201,225,202,211,149,149,224,224,211,235,168,189,232,232,137,140,248,257,138,142,321,330,106,115,157,160,184,184,201,207,TACCACTCTATCCGCCAGAGAATTACTAGTGAAAAACTTGAAACTCAAAGGACTTGGCGGTGTCCCACTTCGACCTAGAGGAGCCTGTCCTATAATCGATACTCCCCGTTCAACCCAACCTCAACTTGCATATTCAGCCTATATACCGCCGTCGACAGTCTACCCCATGAGGGCTTAATAGTAGACATAACAGTTTCACCACTAACACGTCAGGTCAAGGTGTAGCAAATGCTGAGGAAAGCGATTGGCTACATTTTTTTAATAAAAATAAACGAAATGCAACATGAAATCATGCATGAAGGTGAATTTAGCAGTAAGATAAACAAGAGTGCTTATCTTAAATTCGCTCTGGGACGCGCACA
A412,Acanthodactylus aureus ,25.198317,-14.827067,251,267,119,125,165,171,207,228,223,232,152,155,227,254,211,211,168,168,235,262,131,137,257,257,-9,-9,327,327,109,115,154,157,184,229,207,207,TACCACTCTATCCGCCAGAGAATTACTAGTGAAAAACTTGAAACTCAAAGGACTTGGCGGTGTCCCACTTCGACCTAGAGGAGCCTGTCCTATAATCGATACTCCCCGTTCAACCCAACCTCAACTTGCATATTCAGCCTATATACCGCCGTCGACAGTCTACCCCATGAGGGCTTAATAGTAGACATAACAGTTTCACCACTAACACGTCAGGTCAAGGTGTAGCAAATGCTGAGGAAAGCGATTGGCTACATTTTTTTAATAAAAATAAACGAAATGCAACATGAAATCATGCATGAAGGTGAATTTAGCAGTAAGATAAACAAGAGTGCTTATCTTAAATTCGCTCTGGGACGCGCACA
A413,Acanthodactylus aureus ,25.198317,-14.827067,251,255,110,131,171,186,216,225,187,202,149,152,224,254,235,235,168,171,235,265,122,128,245,245,138,142,324,327,106,115,148,172,199,226,207,219,TACCACTCTATCCGCCAGAGAATTACTAGTGAAAAACTTGAAACTCAAAGGACTTGGCGGTGTCCCACTTCGACCTAGAGGAGCCTGTCCTATAATCGATACTCCCCGTTCAACCCAACCTCAACTTGCATATTCAGCCTATATACCGCCGTCGACAGTCTACCCCATGAGGGCTTAATAGTAGACATAACAGTTTCACCACTAACACGTCAGGTCAAGGTGTAGCAAATGCTGAGGAAAGCGATTGGCTACATTTTTTTAATAAAAATAAACGAAATGCAACATGAAATCATGCATGAAGGTGAATTTAGCAGTAAGATAAACAAGAGTGCTTATCTTAAATTCGCTCTGGGACGCGCACA
A414,Acanthodactylus aureus ,25.198317,-14.827067,243,255,119,122,180,180,222,225,202,202,155,155,224,227,235,244,168,177,259,259,122,146,251,251,-9,-9,315,327,112,118,157,163,184,205,198,198,TACCACTCTATCCGCCAGAGAATTACTAGTGAAAAACTTGAAACTCAAAGGACTTGGCGGTGTCCCACTTCGACCTAGAGGAGCCTGTCCTATAATCGATACTCCCCGTTCAACCCAACCTCAACTTGCATATTCAGCCTATATACCGCCGTCGACAGTCTACCCCATGAGGGCTTAATAGTAGACATAACAGTTTCACCACTAACACGTCAGGTCAAGGTGTAGCAAATGCTGAGGAAAGCGATTGGCTACATTTTTTTAATAAAAATAAACGAAATGCAACATGAAATCATGCATGAAGGTGAATTTAGCAGTAAGATAAACAAGAGTGCTTATCTTAAATTCGCTCTGGGACGCGCACA
9100,Acanthodactylus aureus ,25.543548,-14.674423,255,259,122,122,168,174,219,222,208,223,155,155,224,224,235,235,177,189,232,262,122,125,251,251,-9,-9,321,330,115,115,160,166,184,238,210,210,TACCACTCTATCCGCCAGAGAATTACTAGTGAAAAACTTGAAACTCAAAGGACTTGGCGGTGTCCCACTTCGACCTAGAGGAGCCTGTCCTATAATCGATACTCCCCGTTCAACCCAACCTCAACTTGCATATTCAGCCTATATACCGCCGTCGACAGTCTACCCCATGAGGGCTTAATAGTAGACATAACAGTTTCACCACTAACACGTCAGGTCAAGGTGTAGCAAATGCTGAGGAAAGCGATTGGCTACATTTTTTTAATAAAAATAAACGAAATGCAACATGAAATCATGCATGAAGGTGAATTTAGCAGTAAGATAAACAAGAGTGCTTATCTTAAATTCGCTCTGGGACGCGCACA
9101,Acanthodactylus aureus ,25.543548,-14.674423,255,255,125,137,168,168,201,219,190,193,149,152,224,224,238,238,165,186,265,265,134,140,251,260,142,142,327,330,106,115,157,160,223,226,207,216,TACCACTCTATCCGCCAGAGAATTACTAGTGAAAAACTTGAAACTCAAAGGACTTGGCGGTGTCCCACTTCGACCTAGAGGAGCCTGTCCTATAATCGATACTCCCCGTTCAACCCAACCTCAACTTGCATATTCAGCCTATATACCGCCGTCGACAGTCTACCCCATGAGGGCTTAATAGTAGACATAACAGTTTCACCACTAACACGTCAGGTCAAGGTGTAGCAAATGCTGAGGAAAGCGATTGGCTACATTTTTTTAATAAAAATAAACGAAATGCAACATGAAATCATGCATGAAGGTGAATTTAGCAGTAAGATAAACAAGAGTGCTTATCTTAAATTCGCTCTGGGACGCGCACA
9102,Acanthodactylus aureus ,25.543548,-14.674423,255,255,122,122,180,186,201,228,190,235,155,158,224,251,214,235,165,168,265,265,125,125,245,254,142,142,318,336,109,115,154,166,232,238,201,210,TACCACTCTATCCGCCAGAGAATTACTAGTGAAAAACTTGAAACTCAAAGGACTTGGCGGTGTCCCACTTCGACCTAGAGGAGCCTGTCCTATAATCGATACTCCCCGTTCAACCCAACCTCAACTTGCATATTCAGCCTATATACCGCCGTCGACAGTCTACCCCATGAGGGCTTAATAGTAGACATAACAGTTTCACCACTAACACGTCAGGTCAAGGTGTAGCAAATGCTGAGGAAAGCGATTGGCTACATTTTTTTAATAAAAATAAACGAAATGCAACATGAAATCATGCATGAAGGTGAATTTAGCAGTAAGATAAACAAGAGTGCTTATCTTAAATTCGCTCTGGGACGCGCACA
10641,Acanthodactylus aureus ,26.236423,-14.334747,255,255,122,122,174,192,222,225,187,220,149,155,224,227,235,235,165,168,250,265,122,125,236,257,150,150,315,321,103,115,154,157,208,229,204,204,TACCACTCTATCCGCCAGAGAATTACTAGTGAAAAACTTGAAACTCAAAGGACTTGGCGGTGTCCCACTTCGACCTAGAGGAGCCTGTCCTATAATCGATACTCCCCGTTCAACCCAACCTCAACTTGCATATTCAGCCTATATACCGCCGTCGACAGTCTACCCCATGAGGGCTTAATAGTAGACATAACAGTTTCACCACTAACACGTCAGGTCAAGGTGTAGCAAATGCTGAGGAAAGCGATTGGCTACATTTTTTTAATAAAAATAAACGAAATGCAACATGAAATCATGCATGAAGGTGAATTTAGCAGTAAGATAAACAAGAGTGCTTATCTTAAATTCGCTCTGGGACGCGCACA
13266,Acanthodactylus aureus ,26.529800,-12.336400,251,251,122,128,177,183,219,222,211,223,149,149,224,254,214,226,177,195,253,259,131,137,245,263,142,142,-9,-9,115,118,-9,-9,-9,-9,198,213,TACCATTCTATCCGCCAGAGGATTACTAGTGAAAAACTTGAAACTCAAAGGACTTGGCGGTGTCCCACTTCGACCTAGAGGAGCCTGTCCTATAATCGATACTCCCCGTTCAACCCAACCTCAACTTGCATGTTCAGCCTATATACCGCCGTCGACAGTCTACCCCATGAGGGCTTAATAGTAGACATAACAGTTTTACCACTAACACGTCAGGTCAAGGTGTAGCAAATGCTGAGG-AAGCGATTGGCTACATTTTTTTAATAAAAATAAACGAAATGCAACATGAAATCATGCACGAAGGTGAATTTAGCAGTAAGATAAACAAGAGTGCTTATCTTAAATTCGCTCTGGGACGCGCACA
13267,Acanthodactylus aureus ,26.542400,-12.437500,251,259,122,122,180,180,207,213,205,211,146,149,224,224,214,232,-9,-9,256,262,134,146,242,248,142,142,321,324,106,118,157,169,223,226,213,216,TACCATTCTATCCGCCAGAGGATTACTAGTGAAAAACTTGAAACTCAAAGGACTTGGCGGTGTCCCACTTCGACCTAGAGGAGCCTGTCCTATAATCGATACTCCCCGTTCAACCCAACCTCAACTTGCATGTTCAGCCTATATACCGCCGTCGACAGTCTACCCCATGAGGGCTTAATAGTAGACATAACAGTTTTACCACTAACACGTCAGGTCAAGGTGTAGCAAATGCTGAGG-AAGCGATTGGCTACATTTTTTTAATAAAAATAAACGAAATGCAACATGAAATCATGCACGAAGGTGAATTTAGCAGTAAGATAAACAAGAGTGCTTATCTTAAATTCGCTCTGGGACGCGCACA
13268,Acanthodactylus aureus ,26.542400,-12.437500,255,259,110,128,177,180,207,213,205,208,149,149,224,224,214,229,-9,-9,256,259,119,140,248,248,-9,-9,321,321,109,109,157,160,229,250,201,213,TACCATTCTATCCGCCAGAGGATTACTAGTGAAAAACTTGAAACTCAAAGGACTTGGCGGTGTCCCACTTCGACCTAGAGGAGCCTGTCCTATAATCGATACTCCCCGTTCAACCCAACCTCAACTTGCATGTTCAGCCTATATACCGCCGTCGACAGTCTACCCCATGAGGGCTTAATAGTAGACATAACAGTTTTACCACTAACACGTCAGGTCAAGGTGTAGCAAATGCTGAGG-AAGCGATTGGCTACATTTTTTTAATAAAAATAAACGAAATGCAACATGAAATCATGCACGAAGGTGAATTTAGCAGTAAGATAAACAAGAGTGCTTATCTTAAATTCGCTCTGGGACGCGCACA
7245,Acanthodactylus aureus ,26.639727,-11.730100,259,259,122,122,156,171,213,216,205,211,149,149,224,224,214,232,153,198,259,262,119,140,257,257,-9,-9,-9,-9,112,115,157,169,226,232,204,216,TACCATTCTATCCGCCAGAGGATTACTAGTGAAAAACTTGAAACTCAAAGGACTTGGCGGTGTCCCACTTCGACCTAGAGGAGCCTGTCCTATAATCGATACTCCCCGTTCAACCCAACCTCAACTTGCATGTTCAGCCTATATACCGCCGTCGACAGTCTACCCCATGAGGGCTTAATAGTAGACATAACAGTTTTACCACTAACACGTCAGGTCAAGGTGTAGCAAATGCTGAGG-AAGCGATTGGCTACATTTTTTTAATAAAAATAAACGAAATGCAACATGAAATCATGCACGAAGGTGAATTTAGCAGTAAGATAAACAAGAGTGCTTATCTTAAATTCGCTCTGGGACGCGCACA
13265,Acanthodactylus aureus ,26.641000,-12.008900,251,259,110,122,174,177,219,222,217,235,149,149,227,254,214,232,165,177,265,265,137,143,248,251,142,142,321,327,103,118,154,166,193,226,198,207,
A416,Acanthodactylus aureus ,26.713600,-13.545133,251,259,125,131,192,198,210,210,205,205,143,158,224,224,208,235,159,174,235,247,122,125,242,254,138,138,327,330,112,115,160,166,184,187,216,216,TACCACTCTATCCGCCAGAGAATTACTAGTGAAAAACTTGAAACTCAAAGGACTTGGCGGTGTCCCACTTCGACCTAGAGGAGCCTGTCCTATAATCGATACTCCCCGTTCAACCCAACCTCAACTTGCATATTCAGCCTATATACCGCCGTCGACAGTCTACCCCATGAGGGCTTAATAGTAGACATAACAGTTTCACCACTAACACGTCAGGTCAAGGTGTAGCAAATGCTGAGGAAAGCGATTGGCTACATTTTTTTAATAAAAATAAACGAAATGCAACATGAAATCATGCATGAAGGTGAATTTAGCAGTAAGATAAACAAGAGTGTTTATCTTAAATTCGCTCTGGGACGCGCACA
A417,Acanthodactylus aureus ,26.713600,-13.545133,251,251,122,131,180,198,234,237,187,214,155,161,224,224,211,211,-9,-9,265,283,134,158,254,254,146,146,327,339,106,106,151,151,190,190,204,207,TACTACTCTATCCGCCAGAGAATTACTAGTGAAAAACTTGAAACTCAAAGGACTTGGCGGTGTCCCACTTCGACCTAGAGGAGCCTGTCCTATAATCGATACTCCCCGTTCAACCCAACCTCAACTTGCATATTCAGCCTATATACCGCCGTCGACAGTCTACCCCATGAGGGCTTAATAGTAGACATAACAGTTTCACCACTAACACGTCAGGTCAAGGTGTAGCAAATGCTGAGGAAAGCGATTGGCTACATTTTTTTAATAAAAATAAACGAAATGCAACATGAAATCATGCATGAAGGTGAATTTAGCAGTAAGATAAACAAGAGTGCTTATCTTAAATTCGCTCTGGGACGCGCACA
A418,Acanthodactylus aureus ,26.713600,-13.545133,255,255,125,137,174,198,201,225,214,217,155,161,224,224,-9,-9,-9,-9,259,259,122,125,236,248,142,142,312,315,106,115,133,133,205,205,207,216,TACTACTCTATCCGCCAGAGAATTACTAGTGAAAAACTTGAAACTCAAAGGACTTGGCGGTGTCCCACTTCGACCTAGAGGAGCCTGTCCTATAATCGATACTCCCCGTTCAACCCAACCTCAACTTGCATATTCAGCCTATATACCGCCGTCGACAGTCTACCCCATGAGGGCTTAATAGTAGACATAACAGTTTCACCACTAACACGTCAGGTCAAGGTGTAGCAAATGCTGAGGAAAGCGATTGGCTACATTTTTTTAATAAAAATAAACGAAATGCAACATGAAATCATGCATGAAGGTGAATTTAGCAGTAAGATAAACAAGAGTGCTTATCTTAAATTCGCTCTGGGACGCGCACA
A419,Acanthodactylus aureus ,26.713600,-13.545133,251,255,131,140,177,192,207,207,187,187,143,152,224,251,235,241,186,192,265,265,137,146,251,257,138,142,330,354,112,115,154,160,196,235,198,228,TACCACTCTATCCGCCAGAGAATTACTAGTGAAAAACTTGAAACTCAAAGGACTTGGCGGTGTCCCACTTCGACCTAGAGGAGCCTGTCCTATAATCGATACTCCCCGTTCAACCCAACCTCAACTTGCATATTCAGCCTATATACCGCCGTCGACAGTCTACCCCATGAGGGCTTAATAGTAGACATAACAGTTTCACCACTAACACGTCAGGTCAAGGTGTAGCAAATGCTGAGGAAAGCGATTGGCTACATTTTTTTAATAAAAATAAACGAAATGCAACATGAAATCATGCATGAAGGTGAATTTAGCAGTAAGATAAACAAGAGTGCTTATCTTAAACTCGCTCTGGGACGCGCACA
A420,Acanthodactylus aureus ,26.713600,-13.545133,251,259,131,140,162,192,210,210,187,217,155,161,224,239,241,244,177,180,235,247,125,128,269,275,138,146,330,333,115,118,166,172,223,223,213,219,TACCACTCTATCCGCCAGAGAATTACTAGTGAAAAACTTGAAACTCAAAGGACTTGGCGGTGTCCCACTTCGACCTAGAGGAGCCTGTCCTATAATCGATACTCCCCGTTCAACCCAACCTCAACTTGCATATTCAGCCTATATACCGCCGTCGACAGTCTACCCCATGAGGGCTTAATAGTAGACATAACAGTTTCACCACTAACACGTCAGGTCAAGGTGTAGCAAATGCTGAGGAAAGCGATTGGCTACATTTTTTTAATAAAAATAAACGAAATGCAACATGAAATCATGCATGAAGGTGAATTTAGCAGTAAGATAAACAAGAGTGTTTATCTTAAATTCGCTCTGGGACGCGCACA
A421,Acanthodactylus aureus ,26.713600,-13.545133,251,267,122,131,162,168,201,216,208,211,155,161,224,224,238,238,174,177,235,256,146,146,251,257,-9,-9,330,333,115,118,157,157,202,202,204,210,TACCACTCTATCCGCCAGAGAATTACTAGTGAAAAACTTGAAACTCAAAGGACTTGGCGGTGTCCCACTTCGACCTAGAGGAGCCTGTCCTATAATCGATACTCCCCGTTCAACCCAACCTCAACTTGCATATTCAGCCTATATACCGCCGTCGACAGTCTACCCCATGAGGGCTTAATAGTAGACATAACAGTTTCACCACTAACACGTCAGGTCAAGGTGTAGCAAATGCTGAGGAAAGCGATTGGCTACATTTTTTTAATAAAAATAAACGAAATGCAACATGAAATCATGCATGAAGGTGAATTTAGCAGTAAGATAAACAAGAGTGTTTATCTTAAATTCGCTCTGGGACGCGCACA
A422,Acanthodactylus aureus ,26.713600,-13.545133,251,255,122,137,192,201,207,228,214,214,143,143,224,224,235,235,165,192,259,262,125,125,251,254,138,142,321,342,106,115,133,157,184,184,216,219,TACCACTCTATCCGCCAGAGAATTACTAGTGAAAAACTTGAAACTCAAAGGACTTGGCGGTGTCCCACTTCGACCTAGAGGAGCCTGTCCTATAATCGATACTCCCCGTTCAACCCAACCTCAACTTGCATATTCAGCCTATATACCGCCGTCGACAGTCTACCCCATGAGGGCTTAATAGTAGACATAACAGTTTCACCACTAACACGTCAGGTCAAGGTGTAGCAAATGCTGAGGAAAGCGATTGGCTACATTTTTTTAATAAAAATAAACGAAATGCAACATGAAATCATGCATGAAGGTGAATTTAGCAGTAAGATAAACAAGAGTGTTTATCTTAAATTCGCTCTGGGACGCGCACA
A423,Acanthodactylus aureus ,26.713600,-13.545133,251,259,137,140,162,195,210,225,211,223,140,152,224,239,229,247,168,177,235,247,122,125,254,254,142,142,330,342,103,112,136,136,214,235,198,204,TACCACTCTATCCGCCAGAGAATTACTAGTGAAAAACTTGAAACTCAAAGGACTTGGCGGTGTCCCACTTCGACCTAGAGGAGCCTGTCCTATAATCGATACTCCCCGTTCAACCCAACCTCAACTTGCATATTCAGCCTATATACCGCCGTCGACAGTCTACCCCATGAGGGCTTAATAGTAGACATAACAGTTTCACCACTAACACGTCAGGTCAAGGTGTAGCAAATGCTGAGGAAAGCGATTGGCTACATTTTTTTAATAAAAATAAACGAAATGCAACATGAAATCATGCATGAAGGTGAATTTAGCAGTAAGATAAACAAGAGTGTTTATCTTAAATTCGCTCTGGGACGCGCACA
10640,Acanthodactylus aureus ,27.002525,-13.436167,251,259,122,131,183,183,201,207,214,220,155,158,224,224,235,235,171,180,235,235,128,131,236,257,146,146,330,339,112,115,151,166,229,235,201,213,TACCACTCTATCCGCCAGAGAATTACTAGTGAAAAACTTGAAACTCAAAGGACTTGGCGGTGTCCCACTTCGACCTAGAGGAGCCTGTCCTATAATCGATACTCCCCGTTCAACCCAACCTCAACTTGCATATTCAGCCTATATACCGCCGTCGACAGTCTACCCCATGAGGGCTTAATAGTAGACATAACAGTTTCACCACTAACACGTCAGGTCAAGGTGTAGCAAATGCTGAGGAAAGCGATTGGCTACATTTTTTTAATAAAAATAAACGAAATGCAACATGAAATCATGCATGAAGGTGAATTTAGCAGTAAGATAAACAAGAGTGTTTATCTTAAATTCGCTCTGGGACGCGCACA
A425,Acanthodactylus aureus ,27.502367,-13.135900,255,259,137,137,180,183,204,204,193,211,164,164,224,239,-9,-9,-9,-9,277,277,137,140,239,245,142,146,318,333,097,106,160,160,223,229,204,222,TACTACTCTATCCGCCAGAGAATTACTAGTGAAAAACTTGAAACTCAAAGGACTTGGCGGTGTCCCACTTCGACCTAGAGGAGCCTGTCCTATAATCGATACTCCCCGTTCAACCCAACCTCAACTTGCATATTCAGCCTATATACCGCCGTCGACAGTCTACCCCATGAGGGCTTAATAGTAGACATAACAGTTTCACCACTAACACGTCAGGTCAAGGTGTAGCAAATGCTGAGGAAAGCGATTGGCTACATTTTTTTAATAAAAATAAACGAAATGCAACATGAAATCATGCATGAAGGTGAATTTAGCAGTAAGATAAACAAGAGTGCTTATCTTAAATTCGCTCTGGGACGCGCACA
A426,Acanthodactylus aureus ,27.502367,-13.135900,251,259,137,140,180,189,216,216,211,211,152,158,224,236,-9,-9,150,159,268,277,137,143,245,251,146,146,-9,-9,103,115,145,154,229,235,207,207,TACTACTCTATCCGCCAGAGAATTACTAGTGAAAAACTTGAAACTCAAAGGACTTGGCGGTGTCCCACTTCGACCTAGAGGAGCCTGTCCTATAATCGATACTCCCCGTTCAACCCAACCTCAACTTGCATATTCAGCCTATATACCGCCGTCGACAGTCTACCCCATGAGGGCTTAATAGTAGACATAACAGTTTCACCACTAACACGTCAGGTCAAGGTGTAGCAAATGCTGAGGAAAGCGATTGGCTACATTTTTTTAATAAAAATAAACGAAATGCAACATGAAATCATGCATGAAGGTGAATTTAGCAGTAAGATAAACAAGAGTGCTTATCTTAAATTCGCTCTGGGACGCGCACA
A427,Acanthodactylus aureus ,27.502367,-13.135900,255,259,122,122,174,186,-9,-9,190,217,155,155,224,230,-9,-9,150,150,259,262,137,140,257,257,146,146,321,330,115,115,157,160,226,238,189,219,TACTACTCTATCCGCCAGAGAATTACTAGTGAAAAACTTGAAACTCAAAGGACTTGGCGGTGTCCCACTTCGACCTAGAGGAGCCTGTCCTATAATCGATACTCCCCGTTCAACCCAACCTCAACTTGCATATTCAGCCTATATACCGCCGTCGACAGTCTACCCCATGAGGGCTTAATAGTAGACATAACAGTTTCACCACTAACACGTCAGGTCAAGGTGTAGCAAATGCTGAGGAAAGCGATTGGCTACATTTTTTTAATAAAAATAAACGAAATGCAACATGAAATCATGCATGAAGGTGAATTTAGCAGTAAGATAAACAAGAGTGCTTATCTTAAATTCGCTCTGGGACGCGCACA
A428,Acanthodactylus aureus ,27.502367,-13.135900,251,263,128,128,183,183,204,204,193,229,146,164,224,224,214,214,150,189,247,262,131,137,260,260,-9,-9,327,330,109,115,133,151,223,235,192,207,TACCACTCTATCCGCCAGAGAATTACTAGTGAAAAACTTGAAACTCAAAGGACTTGGCGGTGTCCCACTTCGACCTAGAGGAGCCTGTCCTATAATCGATACTCCCCGTTCAACCCAACCTCAACTTGCATATTCAGCCTATATACCGCCGTCGACAGTCTACCCCATGAGGGCTTAATAGTAGACATAACAGTTTCACCACTAACACGTCAGGTCAAGGTGTAGCAAATGCTGAGGAAAGCGATTGGCTACATTTTTTTAATAAAAATAAACGAAATGCAACATGAAATCATGCATGAAGGTGAATTTAGCAGTAAGATAAACAAGAGTGCTTATCTTAAACTCGCTCTGGGACGCGCACA
A429,Acanthodactylus aureus ,27.502367,-13.135900,255,263,122,137,183,195,207,207,217,220,155,158,224,224,214,214,150,150,247,268,131,146,254,269,150,150,327,330,109,112,157,160,205,226,213,216,TACTACTCTATCCGCCAGAGAATTACTAGTGAAAAACTTGAAACTCAAAGGACTTGGCGGTGTCCCACTTCGACCTAGAGGAGCCTGTCCTATAATCGATACTCCCCGTTCAACCCAACCTCAACTTGCATATTCAGCCTATATACCGCCGTCGACAGTCTACCCCATGAGGGCTTAATAGTAGACATAACAGTTTCACCACTAACACGTCAGGTCAAGGTGTAGCAAATGCTGAGGAAAGCGATTGGCTACATTTTTTTAATAAAAATAAACGAAATGCAACATGAAATCATGCATGAAGGTGAATTTAGCAGTAAGATAAACAAGAGTGCTTATCTTAAATTCGCTCTGGGACGCGCACA
A430,Acanthodactylus aureus ,27.502367,-13.135900,255,255,122,134,186,192,201,201,187,217,152,155,224,224,-9,-9,150,159,274,277,125,149,254,257,146,146,324,327,103,115,148,151,205,229,210,216,TACCACTCTATCCGCCAGAGAATTACTAGTGAAAAACTTGAAACTCAAAGGACTTGGCGGTGTCCCACTTCGACCTAGAGGAGCCTGTCCTATAATCGATACTCCCCGTTCAACCCAACCTCAACTTGCATATTCAGCCTATATACCGCCGTCGACAGTCTACCCCATGAGGGCTTAATAGTAGACATAACAGTTTCACCACTAACACGTCAGGTCAAGGTGTAGCAAATGCTGAGGAAAGCGATTGGCTACATTTTTTTAATAAAAATAAACGAAATGCAACATGAAATCATGCATGAAGGTGAATTTAGCAGTAAGATAAACAAGAGTGTTTATCTTAAATTCGCTCTGGGACGCGCACA
A431,Acanthodactylus aureus ,27.502367,-13.135900,259,263,128,134,186,186,207,207,211,211,155,158,224,227,-9,-9,150,150,241,274,134,143,257,260,142,154,327,330,097,115,154,160,205,235,216,216,TACTACTCTATCCGCCAGAGAATTACTAGTGAAAAACTTGAAACTCAAAGGACTTGGCGGTGTCCCACTTCGACCTAGAGGAGCCTGTCCTATAATCGATACTCCCCGTTCAACCCGACCTCAACTTGCATATTCAGCCTATATACCGCCGTCGACAGTCTACCCCATGAGGGCTTAATAGTAGACATAACAGTTTCACCACTAACACGTCAGGTCAAGGTGTAGCAAATGCTGAGGAAAGCGATTGGCTACATTTTTTTAATAAAAATAAACGAAATGCAACATGAAATCATGCATGAAGGTGAATTTAGCAGTAAGATAAACAAGAGTGCTTATCTTAAATTCGCTCTGGGACGCGCACA
A432,Acanthodactylus aureus ,27.502367,-13.135900,259,259,128,128,189,189,-9,-9,187,214,152,155,224,233,214,214,174,180,265,268,131,143,248,254,146,146,327,327,103,103,160,160,229,229,189,210,TACTACTCTATCCGCCAGAGAATTACTAGTGAAAAACTTGAAACTCAAAGGACTTGGCGGTGTCCCACTTCGACCTAGAGGAGCCTGTCCTATAATCGATACTCCCCGTTCAACCCAACCTCAACTTGCATATTCAGCCTATATACCGCCGTCGACAGTCTACCCCATGAGGGCTTAATAGTAGACATAACAGTTTCACCACTAACACGTCAGGTCAAGGTGTAGCAAATGCTGAGGAAAGCGATTGGCTACATTTTTTTAATAAAAATAAACGAAATGCAACATGAAATCATGCATGAAGGTGAATTTAGCAGTAAGATAAACAAGAGTGCTTATCTTAAATTCGCTCTGGGACGCGCACA
A434,Acanthodactylus aureus ,27.587633,-13.018967,255,267,134,140,177,177,210,210,205,211,158,166,230,236,214,214,-9,-9,256,259,125,128,245,263,146,150,327,333,097,106,157,160,229,238,189,225,TACCACTCTATCCGCCAGAGAATTACTAGTGAAAAACTTGAAACTCAAAGGACTTGGCGGTGTCCCACTTCGACCTAGAGGAGCCTGTCCTATAATCGATACTCCCCGTTCAACCCAACCTCAACTTGCATATTCAGCCTATATACCGCCGTCGACAGTCTACCCCATGAGGGCTTAATAGTAGACACAACAGTTTCACCACTAACACGTCAGGTCAAGGTGTAGCAAATGCTGAGGAAAGCGATTGGCTACATTTTTTTAATAAAAATAAACGAAATGCAACATGAAATCATGCATGAAGGTGAATTTAGCAGTAAGATAAACAAGAGTGCTTATCTTAAATTCGCTCTGGGACGCGCACA
9094,Acanthodactylus aureus ,27.844618,-12.914123,259,259,134,140,171,186,204,204,214,223,152,161,224,224,-9,-9,159,189,259,271,122,143,242,242,158,158,327,333,121,124,154,160,223,238,189,213,TACCACTCTATCCGCCAGAGAATTACTAGTGAAAAACTTGAAACTCAAAGGACTTGGCGGTGTCCCACTTCGACCTAGAGGAGCCTGTCCTATAATCGATACTCCCCGTTCAACCCAACCTCAACTTGCATATTCAGCCTATATACCGCCGTCGACAGTCTACCCCATGAGGGCTTAATAGTAGACACAACAGTTTCACCACTAACACGTCAGGTCAAGGTGTAGCAAATGCTGAGGAAAGCGATTGGCTACATTTTTTTAATAAAAATAAACGAAATGCAACATGAAATCATGCATGAAGGTGAATTTAGCAGTAAGATAAACAAGAGTGCTTATCTTAAATTCGCTCTGGGACGCGCACA
10636,Acanthodactylus aureus ,27.929163,-12.294523,267,267,122,140,192,198,-9,-9,205,238,143,158,230,260,211,211,159,195,-9,-9,131,140,272,275,162,166,333,348,115,121,157,163,235,247,207,219,TACCACTCTATCCGCCAGAGAATTACTAGTGAAAAACTTGAAACTCAAAGGACTTGGCGGTGTCCCACTTCGACCTAGAGGAGCCTGTCCTATAATCGATACTCCCCGTTCAACCCAACCTCAACTTGCATATTCAGCCTATATACCGCCGTCGACAGTCTACCCCATGAGGGCTTAATAGTAGACATAACAGTTTCACCACTAACACGTCAGGTCAAGGTGTAGCAAATGCTGAGGAAAGCGATTGGCTACATTTTTTTAATAAAAATAAACGAAATGCAACATGAAATCATGCATGAAGGTGAATTTAGCAGTAAGATAAACAAGAGTGCTTATCTTAAATTCGCTCTGGGACGCGCACA
1273,Acanthodactylus aureus ,27.976050,-12.710433,255,255,122,122,183,198,-9,-9,187,208,155,155,224,233,226,238,159,159,259,265,134,146,263,263,138,138,327,339,097,103,154,166,226,226,207,219,TACCACTCTATCCGCCAGAGAATTACTAGTGAAAAACTTGAAACTCAAAGGACTTGGCGGTGTCCCACTTCGACCTAGAGGAGCCTGTCCTATAATCGATACTCCCCGTTCAACCCAACCTCAACTTGCATATTCAGCCTATATACCGCCGTCGACAGTCTACCCCATGAGGGCTTAATAGTAGACACAACAGTTTCACCACTAACACGTCAGGTCAAGGTGTAGCAAATGCTGAGGAAAGCGATTGGCTACATTTTTTTAATAAAAATAAACGAAATGCAACATGAAATCATGCATGAAGGTGAATTTAGCAGTAAGGTAAACAAGAGTGCTTATCTTAAATTCGCTCTGGGACGCGCACA
10635,Acanthodactylus aureus ,28.087552,-12.081423,251,267,131,140,189,198,-9,-9,208,214,158,158,227,230,211,211,159,159,262,271,134,134,251,257,142,146,354,357,112,118,133,151,199,262,219,225,TACCACTCTATCCGCCAGAGAATTACTAGTGAAAAACTTGAAACTCAAAGGACTTGGCGGTGTCCCACTTCGACCTAGAGGAGCCTGTCCTATAATCGATACTCCCCGTTCAACCCAACCTCAACTTGCATATTCAGCCTATATACCGCCGTCGACAGTCTACCCCATGAGGGCTTAATAGTAGACATAACAGTTTCACCACTAACACGTCAGGTCAAGGTGTAGCAAATGCTGAGGAAAGCGATTGGCTACATTTTTTTAATAAAAATAAACGAAATGCAACATGAAATCATGCATGAAGGTGAATTTAGCAGTAAGATAAACAAGAGTGCTTATCTTAAATTCGCTCTGGGACGCGCACA
10634,Acanthodactylus aureus ,28.154468,-11.911792,251,251,131,134,168,180,-9,-9,208,220,155,158,224,263,-9,-9,-9,-9,262,268,131,137,242,251,146,146,330,333,100,100,133,160,202,235,213,216,TACCACTCTATCCGCCAGAGAATTACTAGTGAAAAACTTGAAACTCAAAGGACTTGGCGGTGTCCCACTTCGACCTAGAGGAGCCTGTCCTATAATCGATACTCCCCGTTCAACCCAACCTCAACTTGCATATTCAGCCTATATACCGCCGTCGACAGTCTACCCCATGAGGGCTTAATAGTAGACATAATAGTTTCACCACTAACACGTCAGGTCAAGGTGTAGCAAATGCTGAGGAAAGCGATTGGCTACATTTTTTTAATAAAAATAAACGAAATGCAACATGAAATCATGCATGAAGGTGAATTTAGCAGTAAGATAAACAAGAGTGCTTATCTTAAATTCGCTCTGGGACGCGCACA
10633,Acanthodactylus aureus ,28.297282,-11.526638,259,259,122,131,174,177,-9,-9,208,220,149,149,224,248,214,214,153,201,262,262,131,146,251,257,150,150,312,327,103,112,133,133,226,250,201,207,TACCATTCTATCCGCCAGAGGATTACTAGTGAAAAACTTGAAACTCAAAGGACTTGGCGGTGTCCCACTTCGACCTAGAGGAGCCTGTCCTATAATCGATACTCCCCGTTCAACCCAACCTCAACTTGCATGTTCAGCCTATATACCGCCGTCGACAGTCTACCCCATGAGGGCTTAATAGTAGACATAACAGTTTTACCACTAACACGTCAGGTCAAGGTGTAGCAAATGCTGAGG-AAGCGATTGGCTACATTTTTTTAATAAAAATAAACGAAATGCAACATGAAATCATGCACGAAGGTGAATTTAGCAGTAAGATAAACAAGAGTGCTTATCTTAAATTCGCTCTGGGACGCGCACA
10638,Acanthodactylus aureus ,28.370160,-11.438783,255,259,143,146,171,183,-9,-9,223,223,152,158,221,221,-9,-9,168,189,265,265,131,137,245,260,146,146,318,327,094,112,157,157,-9,-9,207,210,TACTACTCTATCCGCCAGAGAATTACTAGTGAAAAACTTGAAACTCAAAGGACTTGGCGGTGTCCCACTTCGACCTAGAGGAGCCTGTCCTATAATCGATACTCCCCGTTCAACCCAACCTCAACTTGCATATTCAGCCTATATACCGCCGTCGACAGTCTACCCCATGAGGGCTTAATAGTAGACATAACAGTTTCACCACTAACACGTCAGGTCAAGGTGTAGCAAATGCTGAGGAAAGCGATTGGCTACATTTTTTTAATAAAAATAAACGAAATGCAACATGAAATCATGCATGAAGGTGAATTTAGCAGTAAGATAAACAAGAGTGCTTATCTTAAATTCGCTCTGGGACGCGCACA
10625,Acanthodactylus aureus ,28.517720,-11.297095,259,263,137,140,180,192,-9,-9,217,217,158,161,224,230,-9,-9,174,174,253,268,134,140,254,272,162,162,336,339,109,109,145,145,226,259,216,216,TACCATTCTATCCGCCAGAGAATTACTAGTGAAAAACTTGAAACTCAAAGGACTTGGCGGTGTCCCACTTCGACCTAGAGGAGCCTGTCCTATAATCGATACTCCCCGTTCAACCCAACCTCAACTTGCATATTCAGCCTATATACCGCCGTCAACAGTCTACCCCATGAGGGCTTAATAGTAGACATAACAGTTTCACCACTAACACGTCAGGTCAAGGTGTAGCAAATGCTGAGGAAAGCGATTGGCTACATTTTTTTAATAAAAATAAACGAAATGCAACATGAAATCATGCATGAAGGTGAATTTAGCAGTAAGATAAACAAGAGTGCTTATCTTAAATTCGCTCTGGGACGCGCACA
10624,Acanthodactylus aureus ,28.547917,-10.958372,259,263,128,128,174,174,-9,-9,208,217,146,152,242,242,235,238,150,150,-9,-9,-9,-9,-9,-9,142,146,324,330,118,118,133,133,256,259,204,213,TACCATTCTATCCGCCAGAGAATTACTAGTGAAAAACTTGAAACTCAAAGGACTTGGCGGTGTCCCACTTCGACCTAGAGGAGCCTGTCCTATAATCGATACTCCCCGTTCAACCCAACCTCAACTTGCATATTCAGCCTATATACCGCCGTCAACAGTCTACCCCATGAGGGCTTAATAGTAGACATAACAGTTTCACCACTAACACGTCAGGTCAAGGTGTAGCAAATGCTGAGGAAAGCGATTGGCTACATTTTTTTAATAAAAATAAACGAAATGCAACATGAAATCATGCATGAAGGTGAATTTAGCAGTAAGATAAACAAGAGTGCTTATCTTAAATTCGCTCTGGGACGCGCACA
A435,Acanthodactylus aureus ,28.744733,-10.743850,263,263,131,137,171,183,207,231,208,211,155,155,221,254,229,241,174,177,256,274,128,137,254,260,150,150,315,318,103,112,133,148,256,256,189,189,TACCATTCTATCCGCCAGAGAATTACTAGTGAAAAACTTGAAACTCAAAGGACTTGGCGGTGTCCCACTTCGACCTAGAGGAGCCTGTCCTATAATCGATACTCCCCGTTCAACCCAACCTCAACTTGCATATTCAGCCTATATACCGCCGTCAACAGTCTACCCCATGAGGGCTTAATAGTAGACATAACAGTTTCACCACTAACACGTCAGGTCAAGGTGTAGCAAATGCTGAGGAAAGCGATTGGCTACATTTTTTTAATAAAAATAAACGAAATGCAACATGAAATCATGCATGAAGGTGAATTTAGCAGTAAGATAAACAAGAGTGCTTATCTTAAATTCGCTCTGGGACGCGCACA
A436,Acanthodactylus aureus ,28.744733,-10.743850,259,259,131,137,174,177,-9,-9,202,202,155,155,221,221,-9,-9,-9,-9,262,268,113,128,251,266,146,150,315,327,112,112,133,133,256,259,210,210,TACCATTCTATCCGCCAGAGAATTACTAGTGAAAAACTTGAAACTCAAAGGACTTGGCGGTGTCCCACTTCGACCTAGAGGAGCCTGTCCTATAATCGATACTCCCCGTTCAACCCAACCTCAACTTGCATATTCAGCCTATATACCGCCGTCAACAGTCTACCCCATGAGGGCTTAATAGTAGACATAACAGTTTCACCACTAACACGTCAGGTCAAGGTGTAGCAAATGCTGAGGAAAGCGATTGGCTACATTTTTTTAATAAAAATAAACGAAATGCAACATGAAATCATGCATGAAGGTGAATTTAGCAGTAAGATAAACAAGAGTGCTTATCTTAAATTCGCTCTGGGACGCGCACA
A437,Acanthodactylus aureus ,28.873167,-10.702733,259,263,131,134,171,186,-9,-9,196,211,158,158,221,221,-9,-9,177,180,259,262,110,137,266,272,146,158,321,327,103,112,139,139,250,256,189,216,TACCATTCTATCCGCCAGAGAATTACTAGTGAAAAACTTGAAACTCAAAGGACTTGGCGGTGTCCCACTTCGACCTAGAGGAGCCTGTCCTATAATCGATACTCCCCGTTCAACCCAACCTCAACTTGCATATTCAGCCTATATACCGCCGTCAACAGTCTACCCCATGAGGGCTTAATAGTAGACATAACAGTTTCACCACTAACACGTCAGGTCAAGGTGTAGCAAATGCTGAGGAAAGCGATTGGCTACATTTTTTTAATAAAAATAAACGAAATGCAACATGAAATCATGCATGAAGGTGAATTTAGCAGTAAGATAAACAAGAGTGCTTATCTTAAATTCGCTCTGGGACGCGCACA
A438,Acanthodactylus aureus ,28.873167,-10.702733,259,259,128,137,162,168,-9,-9,196,208,155,158,221,266,-9,-9,-9,-9,271,277,110,110,251,269,150,158,327,330,112,115,133,139,256,256,189,213,TACCATTCTATCCGCCAGAGAATTACTAGTGAAAAACTTGAAACTCAAAGGACTTGGCGGTGTCCCACTTCGACCTAGAGGAGCCTGTCCTATAATCGATACTCCCCGTTCAACCCAACCTCAACTTGCATATTCAGCCTATATACCGCCGTCAACAGTCTACCCCATGAGGGCTTAATAGTAGACATAACAGTTTCACCACTAACACGTCAGGTCAAGGTGTAGCAAATGCTGAGGAAAGCGATTGGCTACATTTTTTTAATAAAAATAAACGAAATGCAACATGAAATCATGCATGAAGGTGAATTTAGCAGTAAGATAAACAAGAGTGTTTATCTTAAATTCGCTCTGGGACGCGCACA
A439,Acanthodactylus aureus ,28.873167,-10.702733,259,259,128,134,174,180,207,213,208,214,152,152,221,239,-9,-9,180,180,268,271,131,134,251,257,150,154,327,327,103,115,133,139,256,262,189,189,TACCATTCTATCCGCCAGAGAATTACTAGTGAAAAACTTGAAACTCAAAGGACTTGGCGGTGTCCCACTTCGACCTAGAGGAGCCTGTCCTATAATCGATACTCCCCGTTCAACCCAACCTCAACTTGCATATTCAGCCTATATACCGCCGTCAACAGTCTACCCCATGAGGGCTTAATAGTAGACATAACAGTTTCACCACTAACACGTCAGGTCAAGGTGTAGCAAATGCTGAGGAAAGCGATTGGCTACATTTTTTTAATAAAAATAAACGAAATGCAACATGAAATCATGCATGAAGGTGAATTTAGCAGTAAGATAAACAAGAGTGCTTATCTTAAATTCGCTCTGGGACGCGCACA
A440,Acanthodactylus aureus ,28.873167,-10.702733,259,259,128,134,168,174,-9,-9,196,217,155,158,221,221,-9,-9,177,180,262,277,122,134,248,272,146,154,327,327,103,118,133,139,256,256,189,192,TACCATTCTATCCGCCAGAGAATTACTAGTGAAAAACTTGAAACTCAAAGGACTTGGCGGTGTCCCACTTCGACCTAGAGGAGCCTGTCCTATAATCGATACTCCCCGTTCAACCCAACCTCAACTTGCATATTCAGCCTATATACCGCCGTCAACAGTCTACCCCATGAGGGCTTAATAGTAGACATAACAGTTTCACCACTAACACGTCAGGTCAAGGTGTAGCAAATGCTGAGGAAAGCGATTGGCTACATTTTTTTAATAAAAATAAACGAAATGCAACATGAAATCATGCATGAAGGTGAATTTAGCAGTAAGATAAACAAGAGTGTTTATCTTAAATTCGCTCTGGGACGCGCACA
A441,Acanthodactylus aureus ,28.873167,-10.702733,255,259,128,134,171,186,210,213,205,208,146,158,221,221,232,238,168,180,268,277,110,134,239,260,150,158,327,327,109,118,133,133,256,262,189,210,TACCATTCTATCCGCCAGAGAATTACTAGTGAAAAACTTGAAACTCAAAGGACTTGGCGGTGTCCCACTTCGACCTAGAGGAGCCTGTCCTATAATCGATACTCCCCGTTCAACCCAACCTCAACTTGCATATTCAGCCTATATACCGCCGTCAACAGTCTACCCCATGAGGGCTTAATAGTAGACATAACAGTTTCACCACTAACACGTCAGGTCAAGGTGTAGCAAATGCTGAGGAAAGCGATTGGCTACATTTTTTTAATAAAAATAAACGAAATGCAACATGAAATCATGCATGAAGGTGAATTTAGCAGTAAGATAAACAAGAGTGCTTATCTTAAATTCGCTCTGGGACGCGCACA
A442,Acanthodactylus aureus ,28.873167,-10.702733,255,259,128,128,174,189,-9,-9,202,208,152,158,221,221,-9,-9,-9,-9,265,268,113,134,254,260,150,150,327,327,109,109,133,139,250,256,189,204,TACCATTCTATCCGCCAGAGAATTACTAGTGAAAAACTTGAAACTCAAAGGACTTGGCGGTGTCCCACTTCGACCTAGAGGAGCCTGTCCTATAATCGATACTCCCCGTTCAACCCAACCTCAACTTGCATATTCAGCCTATATACCGCCGTCAACAGTCTACCCCATGAGGGCTTAATAGTAGACATAACAGTTTCACCACTAACACGTCAGGTCAAGGTGTAGCAAATGCTGAGGAAAGCGATTGGCTACATTTTTTTAATAAAAATAAACGAAATGCAACATGAAATCATGCATGAAGGTGAATTTAGCAGTAAGATAAACAAGAGTGCTTATCTTAAATTCGCTCTGGGACGCGCACA
A443,Acanthodactylus aureus ,28.873167,-10.702733,255,259,128,137,180,186,207,213,208,217,152,158,221,254,-9,-9,-9,-9,265,274,113,134,254,257,154,154,315,327,109,112,133,133,199,199,189,219,TACCATTCTATCCGCCAGAGAATTACTAGTGAAAAACTTGAAACTCAAAGGACTTGGCGGTGTCCCACTTCGACCTAGAGGAGCCTGTCCTATAATCGATACTCCCCGTTCAACCCAACCTCAACTTGCATATTCAGCCTATATACCGCCGTCAACAGTCTACCCCATGAGGGCTTAATAGTAGACATAACAGTTTCACCACTAACACGTCAGGTCAAGGTGTAGCAAATGCTGAGGAAAGCGATTGGCTACATTTTTTTAATAAAAATAAACGAAATGCAACATGAAATCATGCATGAAGGTGAATTTAGCAGTAAGATAAACAAGAGTGCTTATCTTAAATTCGCTCTGGGACGCGCACA
9048,Acanthodactylus aureus ,28.966230,-10.600050,251,259,137,137,168,177,-9,-9,205,208,149,158,221,236,-9,-9,150,180,256,256,125,134,254,263,142,158,315,327,112,124,139,139,199,262,189,210,TACCATTCTATCCGCCAGAGAATTACTAGTGAAAAACTTGAAACTCAAAGGACTTGGCGGTGTCCCACTTCGACCTAGAGGAGCCTGTCCTATAATCGATACTCCCCGTTCAACCCAACCTCAACTTGCATATTCAGCCTATATACCGCCGTCAACAGTCTACCCCATGAGGGCTTAATAGTAGACATAACAGTTTCACCACTAACACGTCAGGTCAAGGTGTAGCAAATGCTGAGGAAAGCGATTGGCTACATTTTTTTAATAAAAATAAACGAAATGCAACATGAAATCATGCATGAAGGTGAATTTAGCAGTAAGATAAACAAGAGTGCTTATCTTAAATTCGCTCTGGGACGCGCACA
10620,Acanthodactylus aureus ,29.807433,-9.829102,255,263,125,128,165,165,216,219,205,208,149,149,221,221,238,241,180,186,265,268,128,128,251,260,146,154,324,330,106,106,133,133,253,253,189,189,TACCATTCTATCCGCCAGAGAATTACTAGTGAAAAACTTGAAACTCAAAGGACTTGGCGGTGTCCCACTTCGACCTAGAGGAGCCTGTCCTATAATCGATACTCCCCGTTCAACCCAACCTCAACTTGCATATTCAGCCTATATACCGCCGTCGACAGTCTACCCCATGAGGGCTTAATAGTAGACATAACAGTTTCACCACTAACACGTCAGGTCAAGGTGTAGCAAATGCTGAGGAAAGCGATTGGCTACATTTTTTTAATAAAAATAAACGAAATGCAACATGAAATCATGCATGAAGGTGAATTTAGCAGTAAGATAAACAAGAGTGCTTATCTTAAATTCGCTCTGGGACGCGCACA
A556,Acanthodactylus aureus ,29.851183,-9.770633,255,263,125,128,165,168,216,219,211,211,149,152,221,221,232,241,174,183,259,265,128,128,248,254,146,150,327,330,112,115,133,133,253,256,189,189,TACCATTCTATCCGCCAGAGAATTACTAGTGAAAAACTTGAAACTCAAAGGACTTGGCGGTGTCCCACTTCGACCTAGAGGAGCCTGTCCTATAATCGATACTCCCCGTTCAACCCAACCTCAACTTGCATATTCAGCCTATATACCGCCGTCGACAGTCTACCCCATGAGGGCTTAATAGTAGACATAATAGTTTCACCACTAACACGTCAGGTCAAGGTGTAGCAAATGCTGAGGAAAGCGATTGGCTACATTTTTTTAATAAAAATAAACGAAATGCAACATGAAATCATGCATGAAGGTGAATTTAGCAGTAAGATAAACAAGAGTGCTTATCTTAAATTCGCTCTGGGACGCGCACA
A558,Acanthodactylus aureus ,29.851183,-9.770633,259,259,125,134,165,174,213,219,208,211,149,155,221,221,-9,-9,180,186,259,268,128,152,257,257,138,142,309,327,103,109,133,133,250,265,189,189,TACCATTCTATCCGCCAGAGAATTACTAGTGAAAAACTTGAAACTCAAAGGACTTGGCGGTGTCCCACTTCGACCTAGAGGAGCCTGTCCTATAATCGATACTCCCCGTTCAACCCAACCTCAACTTGCATATTCAGCCTATATACCGCCGTCGACAGTCTACCCCATGAGGGCTTAATAGTAGACATAATAGTTTCACCACTAACACGTCAGGTCAAGGTGTAGCAAATGCTGAGGAAAGCGATTGGCTACATTTTTTTAATAAAAATAAACGAAATGCAACATGAAATCATGCATGAAGGTGAATTTAGCAGTAAGATAAACAAGAGTGCTTATCTTAAATTCGCTCTGGGACGCGCACA
A559,Acanthodactylus aureus ,29.851183,-9.770633,255,255,125,125,168,177,216,219,211,217,149,152,221,221,244,247,174,186,253,259,128,131,248,251,146,154,327,339,103,118,133,133,250,256,189,189,TACCATTCTATCCGCCAGAGAATTACTAGTGAAAAACTTGAAACTCAAAGGACTTGGCGGTGTCCCACTTCGACCTAGAGGAGCCTGTCCTATAATCGATACTCCCCGTTCAACCCAACCTCAACTTGCATATTCAGCCTATATACCGCCGTCGACAGTCTACCCCATGAGGGCTTAATAGTAGACATAATAGTTTCACCACTAACACGTCAGGTCAAGGTGTAGCAAATGCTGAGGAAAGCGATTGGCTACATTTTTTTAATAAAAATAAACGAAATGCAACATGAAATCATGCATGAAGGTGAATTTAGCAGTAAGATAAACAAGAGTGCTTATCTTAAATTCGCTCTGGGACGCGCACA
A560,Acanthodactylus aureus ,29.851183,-9.770633,255,263,128,128,171,174,213,219,187,205,149,158,221,221,238,238,180,189,259,259,143,149,248,251,138,154,324,330,103,112,133,133,244,253,189,189,TACCATTCTATCCGCCAGAGAATTACTAGTGAAAAACTTGAAACTCAAAGGACTTGGCGGTGTCCCACTTCGACCTAGAGGAGCCTGTCCTATAATCGATACTCCCCGTTCAACCCAACCTCAACTTGCATATTCAGCCTATATACCGCCGTCGACAGTCTACCCCATGAGGGCTTAATAGTAGACATAATAGTTTCACCACTAACACGTCAGGTCAAGGTGTAGCAAATGCTGAGGAAAGCGATTGGCTACATTTTTTTAATAAAAATAAACGAAATGCAACATGAAATCATGCATGAAGGTGAATTTAGCAGTAAGATAAACAAGAGTGCTTATCTTAAATTCGCTCTGGGACGCGCACA
A561,Acanthodactylus aureus ,29.851183,-9.770633,255,255,125,128,171,171,213,216,211,217,149,158,221,221,238,238,174,180,262,268,128,128,242,260,142,150,327,333,109,109,133,133,256,259,189,192,TACCATTCTATCCGCCAGAGAATTACTAGTGAAAAACTTGAAACTCAAAGGACTTGGCGGTGTCCCACTTCGACCTAGAGGAGCCTGTCCTATAATCGATACTCCCCGTTCAACCCAACCTCAACTTGCATATTCAGCCTATATACCGCCGTCGACAGTCTACCCCATGAGGGCTTAATAGTAGACATAATAGTTTCACCACTAACACGTCAGGTCAAGGTGTAGCAAATGCTGAGGAAAGCGATTGGCTACATTTTTTTAATAAAAATAAACGAAATGCAACATGAAATCATGCATGAAGGTGAATTTAGCAGTAAGATAAACAAGAGTGCTTATCTTAAATTCGCTCTGGGACGCGCACA
